id,dataset,question,option_0,option_1,option_2,option_3,probing_accuracy,logits,prediction,actual,bertscore_f1,heuristic_dependence_score,reasoning_score,context_fidelity_score,shap_score,contrastive_prediction_original,contrastive_prediction_swapped,contrastive_robust
0,SATACT,Which choice best states the main purpose of the text?,It illustrates a character’s reaction to a new environment.,It explains why a character has traveled to a city.,It compares a character’s thoughts about an event at two different times of day.,It presents a character feeling regret over leaving home.,0.2,"[-34.51295042433776, -46.4838627576828, -63.716217504115775, -45.62644898891449]",0,3,1,1,2.088,1,2.92,A,D,FALSE
1,SATACT,Which choice completes the text with the most logical and precise word or phrase?,restricted,announced,distracted,influenced,0.2,"[-16.700597763061523, -16.09669303894043, -33.36330699920654, -44.65576362609863]",1,3,0.9994193,0,2.398,0,2.856,B,C,FALSE
2,SATACT,The student wants to emphasize the duration and purpose of Cohen's and Rodrigues's work. Which choice most effectively uses relevant information from the notes to accomplish this goal?,"At the Gullah Museums in Hilton Head Island and Georgetown, South Carolina, visitors can learn more about the Gullah people who have lived in the region for centuries.","Louise Miller Cohen and Vermelle Rodrigues have worked to preserve the culture of the Gullah people, who have lived in the United States since the 18th century.","Since 2003, Louise Miller Cohen and Vermelle Rodrigues have worked to preserve Gullah culture through their museums.","Influenced by the traditions of West and Central Africa, Gullah culture developed in parts of the southeastern United States in the 18th century.",0.2,"[-82.7127027035749, -77.33894025767222, -49.26664705656003, -85.92354694427922]",2,1,0.86510456,1,2.9,0,3.666,C,B,FALSE
3,SATACT,Which choice completes the text with the most logical and precise word or phrase?,invented,adjusted,featured,recommended,0.2,"[-36.02285861968994, -16.933979034423828, -25.39698600769043, -31.723499298095703]",1,0,0.9991139,0,1.437,0,1.909,B,C,FALSE
4,SATACT,"Which finding, if true, would most directly support Armijo’s hypothesis?",The temperature inside the roasting drum is distributed more evenly when roasting green chiles with solar power than with propane.,Attempts to roast green chiles using 50 heliostats yields results in fewer than six minutes.,Green chile connoisseurs prefer the flavor of solar-roasted green chiles over the flavor of propane-roasted green chiles.,The skins of solar-roasted green chiles are easier to peel than the skins of propane-roasted green chiles.,0.2,"[-75.66548794554546, -61.16010244935751, -59.18025275366381, -55.33359414874576]",3,1,0.9068767,1,1.54,0,2.033,D,A,FALSE
5,SATACT,What does the text indicate about the geological formation at Mistaken Point?,It holds a greater number of fossils but from a smaller variety of species than the formation in the Minatogawa quarry does.,It has provided evidence that the earliest human species may have emerged before the Pleistocene era.,It is widely considered by paleontologists to be the most valuable source of information about prehistoric life forms.,It contains specimens from an older time period than those found in the formation in the Minatogawa quarry.,0.2,"[-76.19924089871347, -53.144457462243736, -60.442352056503296, -62.63624781742692]",1,0,0.8458835,1,1.667,0,2.305,B,C,FALSE
6,SATACT,Which choice completes the text with the most logical and precise word or phrase?,an imaginative,a superficial,an exhaustive,a questionable,0.2,"[-21.329991340637207, -19.538949012756348, -16.581482887268066, -20.547513008117676]",2,2,0.9259174,1,0.36,0,0.475,C,B,FALSE
7,SATACT,Which choice completes the text so that it conforms to the conventions of Standard English?,varied:,"varied,","varied, while",varied while,0.2,"[-32.43747854232788, -32.99125051498413, -35.79997158050537, -38.657588958740234]",0,3,1.0000001,0,0.496,1,0.622,A,D,FALSE
8,SATACT,Which choice most logically completes the text?,aspects of the declaration were modeled on similar documents from other countries.,the French government may have been surprised by the declaration.,many Haitian people opposed the revolution and the declaration.,the declaration actually had several intended audiences.,0.2,"[-62.871006056666374, -46.90771013498306, -54.10885262489319, -40.99216425418854]",3,3,0.8748985,1,1.635,1,2.188,D,A,FALSE
9,SATACT,The main point of this passage is to:,illustrate the importance of genetics in the formation of a baby's brain.,illustrate the importance of stimulation and experience in the formation of a baby's brain.,indicate the great need for conducting further research on babies' brains.,compare the latest research on babies' brains with similar research conducted fifteen years ago.,0.2,"[-75.29588633030653, -76.48928164690733, -75.27834212779999, -74.93795454502106]",3,3,0.8980016,1,0.118,1,0.155,D,A,FALSE
10,SATACT,"According to the text, what is true about Dorian?",He wants to know Hallward’s opinion of the portrait.,He is delighted by what he sees in the portrait.,He prefers portraits to other types of paintings.,He is uncertain of Hallward’s talent as an artist.,0.2,"[-41.81278570834547, -26.576172083616257, -45.51572172343731, -56.62951473193243]",1,3,0.9063421,1,2.151,0,3.005,B,C,FALSE
11,SATACT,Which choice completes the text so that it conforms to the conventions of Standard English?,flew,were flying,had flown,fly,0.2,"[-27.980856895446777, -19.8225154876709, -19.50354290008545, -13.51026725769043]",3,0,0.99933213,0,1.029,0,1.447,D,A,FALSE
12,SATACT,Which choice most logically completes the text?,it can’t be concluded that the impact that made the crater was connected to the beginning of the Younger Dryas.,it can’t be determined whether a comet fragment could make a crater as large as 19 miles wide.,scientists have ignored the possibility that something other than a comet fragment could have made the crater.,the scientists who believe an impact caused the Younger Dryas have made incorrect assumptions about when the period began.,0.2,"[-65.81160212680697, -60.46494071930647, -74.22898432612419, -57.85354880802333]",3,0,0.89328855,1,1.252,1,1.638,D,A,FALSE
13,SATACT,"The Mule Bone, a 1930 play written by Zora Neale Hurston and Langston Hughes, is perhaps the best-known of the few examples of in literature. Most writers prefer working alone, and given that working together cost Hurston and Hughes their friendship, it is not hard to see why. Which choice completes the text with the most logical and precise word or phrase?",characterization,interpretation,collaboration,commercialization,0.2,"[-27.875770568847656, -27.465805053710938, -43.84758377075195, -20.54476022720337]",3,3,0.87154007,0,1.709,0,2.33,D,A,FALSE
14,SATACT,The student wants to emphasize how Romney wool differs from Merino and Rambouillet wool. Which choice most effectively uses relevant information from the notes to accomplish this goal?,"Romney wool is just one of the many kinds of wools, each originating from a different breed of sheep.","Sheep wool varies from breed to breed, so Romney wool will be different than other kinds of wool.","The fine wool produced by Merino and Rambouillet sheep is used for apparel, whereas the thicker wool of Romney sheep is used in rugs and blankets.",Wool is an economically important fiber—especially in Australia—that can be used to make apparel or even rugs and blankets.,0.2,"[-62.90179904550314, -78.5941114500165, -52.29791717272019, -79.59697301127017]",2,2,0.8484079,1,2.278,1,2.73,C,B,FALSE
15,SATACT,"Which choice best states the function of the portion in the text, “Before the discovery, Denisovans were thought to have lived only at high altitudes in relatively cold climates in what are now Russia and China” as a whole?",It dismisses as untrue the research presented in the previous sentence.,It defines a term used in the description that follows in the rest of the sentence.,It emphasizes the main goal of the research introduced in the previous sentence.,It provides context that clarifies the significance of the information that follows in the rest of the sentence.,0.2,"[-54.34367695823312, -58.4982558041811, -56.88207006454468, -56.668634495697916]",0,3,1,1,0.296,0,0.415,A,D,FALSE
16,SATACT,Which choice completes the text with the most logical and precise word or phrase?,uncertainty about,indicator of,motivation for,criticism of,0.2,"[-52.592995166778564, -30.657533049583435, -35.32705616950989, -33.45271098613739]",1,2,0.90835863,0,1.717,0,2.194,B,C,FALSE
17,SATACT,Which choice completes the text with the most logical transition?,"Specifically,","Next,","For instance,","In sum,",0.2,"[-14.031883329153061, -13.125320434570312, -18.22583617269993, -18.511964440345764]",1,0,0.9900633,0,0.484,0,0.539,B,C,FALSE
18,SATACT,Which quotation from “The Young Girl” most effectively illustrates the claim?,"“I heard her murmur, ‘I can’t bear flowers on a table.’ They had evidently been giving her intense pain, for she positively closed her eyes as I moved them away.”","“While we waited she took out a little, gold powder-box with a mirror in the lid, shook the poor little puff as though she loathed it, and dabbed her lovely nose.”","""I saw, after that, she couldn’t stand this place a moment longer, and, indeed, she jumped up and turned away while I went through the vulgar act of paying for the tea.”",“She didn’t even take her gloves off. She lowered her eyes and drummed on the table. When a faint violin sounded she winced and bit her lip again. Silence.”,0.2,"[-180.70975563209504, -173.45207297243178, -159.8071309402585, -144.77622568793595]",3,1,0.87522334,1,2.746,0,3.593,D,A,FALSE
19,SATACT,Which choice most logically completes the text?,many young people think they can volunteer only within their own communities.,volunteering may be even more helpful than many young people think it is.,volunteering can help society overall more than it can help individual people.,many young people may not know how to find ways to volunteer their time.,0.2,"[-58.126199185848236, -78.50037144124508, -75.42914193868637, -55.83968088030815]",3,0,0.9222038,0,2.016,1,2.266,D,A,FALSE
20,SATACT,The student wants to emphasize a difference between the two portraits. Which choice most effectively uses relevant information from the notes to accomplish this goal?,"The portraits, or artistic representations, of Luis Jimenez and Rudolfo Anaya were both completed by Enriquez in the early 2000s.","Enriquez has completed portraits of numerous Mexican Americans, including sculptor Luis Jimenez and writer Rudolfo Anaya.","While both are by Enriquez, the 2003 portrait of Luis Jimenez is a painting, and the 2016 portrait of Rudolfo Anaya is a drawing.","Luis Jimenez was a Mexican American sculptor, and Rudolfo Anaya was a Mexican American writer.",0.2,"[-78.31028634789982, -50.164324577432126, -46.315515658294316, -66.67021840001689]",2,1,0.91665787,1,2.575,1,3.199,C,B,FALSE
21,SATACT,Which choice completes the text with the most logical transition?,"Instead,","For instance,","Specifically,","In addition,",0.2,"[-14.079595565795898, -17.990007743239403, -14.345332235097885, -14.21942687034607]",0,2,0.99999994,0,0.327,0,0.391,A,D,FALSE
22,SATACT,"Which choice best describes the function of this ""[Uncle Katsuhisa] was as loud as my father was quiet. "" portion of the sentence?",It lists the kinds of topics Uncle Katsuhisa enjoys discussing.,It suggests that Uncle Katsuhisa dislikes meeting new people.,It contrasts Uncle Katsuhisa with the narrator's father.,It describes a conversation between the narrator and the narrator's father.,0.2,"[-59.461505664512515, -54.29856010247022, -47.13072972279042, -40.806321412324905]",3,3,0.88106614,1,1.414,0,1.866,D,A,FALSE
23,SATACT,Which choice completes the text so that it conforms to the conventions of Standard English?,"carbon-13, (13C)",carbon-13 (13C),"carbon-13, (13C),","carbon-13 (13C),",0.2,"[-35.207812547683716, -28.929014086723328, -36.3028929233551, -29.879059076309204]",1,3,0.97895175,0,0.643,0,0.737,B,C,FALSE
24,SATACT,The student wants to explain what a quenched galaxy is. Which choice most effectively uses relevant information from the notes to accomplish this goal?,"Before quenching, a starburst galaxy will form stars at a rapid rate.","When it becomes quenched, a starburst galaxy enters the poststarburst phase.","Having entered the poststarburst phase, a quenched galaxy is one that no longer forms stars.",A starburst galaxy will lose star-forming gas and eventually become quenched.,0.2,"[-45.64133484847844, -39.48681825399399, -36.44775381567888, -41.516349011682905]",2,1,0.90921783,1,0.668,1,0.919,C,B,FALSE
25,SATACT,"For the sake of the logic and coherence of Paragraph 2, what should Sentence [2] be?",placed where it is now.,placed after Sentence 3.,placed after Sentence 4.,OMITTED from the paragraph.,0.2,"[-36.349168598651886, -35.24194210022688, -35.601607494056225, -35.75811496376991]",1,1,0.8583353,0.75,0.08,1,0.111,B,C,FALSE
26,SATACT,Which choice completes the text with the most logical and precise word or phrase?,resolved,adjusted,offered,offered,0.2,"[-30.48061180114746, -16.53534507751465, -26.93051815032959, -26.93051815032959]",1,3,0.99925387,0,1.044,0,1.395,B,C,FALSE
27,SATACT,Which choice completes the text so that it conformsto the conventions of Standard English?,Created,Creates,Creating,Create,0.2,"[-14.516690254211426, -15.175395607948303, -14.769332885742188, -15.255498886108398]",0,1,0.99999994,0,0.06,1,0.074,A,D,FALSE
28,SATACT,Which choice completes the text so that it conforms to the conventions of Standard English?,"antiquity, however","antiquity, however,","antiquity, however;","antiquity; however,",0.2,"[-44.38624858856201, -45.70390176773071, -46.47948122024536, -47.34892390668392]",0,2,1.0000001,0,0.218,0,0.296,A,D,FALSE
29,SATACT,Which choice completes the text so that it conforms to the conventions of Standard English?,Gingerbread—,"Gingerbread,",Gingerbread,Gingerbread:,0.2,"[-37.876723289489746, -35.33893132209778, -32.232656478881836, -36.61115074157715]",2,1,0.948189,0,0.419,0,0.564,C,B,FALSE
30,SATACT,The student wants to emphasize the thoroughness of Ida Tarbell’s investigation of the Standard Oil Company. Which choice most effectively uses relevant information from the notes to accomplish this goal?,"Ida Tarbell not only interviewed Standard Oil executives, oil industry workers, and public oﬃcials but also examined thousands of pages of the company’s internal communications.","Ida Tarbell, who investigated the Standard Oil Company, was a muckraker (a journalist who sought to expose corruption in US institutions during the Progressive Era, 1897–1920).","As part of her investigation of the Standard Oil Company, muckraker Ida Tarbell conducted interviews.","Published in 1904, muckraker Ida Tarbell’s book The History of the Standard Oil Company exposed the company’s unfair business practices.",0.2,"[-70.00691874767654, -72.80494001414627, -56.918773133074865, -55.45820332993753]",3,0,0.87243044,1,1.538,1,1.735,D,A,FALSE
31,SATACT,Which choice most logically completes the text?,northern Uto-Aztecan tribes likely obtained the crop directly from a southern Uto-Aztecan tribe rather than from a non-Uto-Aztecan tribe.,variation in maize-related vocabulary within each branch of the Uto-Aztecan family likely reflects regionally specific methods for cultivating the crop.,"southern Uto-Aztecan tribes likely acquired maize at roughly the same time as northern Uto-Aztecan tribes did, though from different sources",the family’s division into northern and southern branches likely preceded the acquisition of the crop by the Uto-Aztecan tribes.,0.2,"[-105.70575863495469, -91.40059141628444, -87.18075478635728, -69.86257342202589]",3,3,0.89968497,1,2.556,0,3.584,D,A,FALSE
32,SATACT,"As used in the text, what does the word “completing” most nearly mean?",Destroying,Finishing,Advertising,Rejecting,0.2,"[-14.56738418340683, -10.861776947975159, -34.54096794128418, -19.56380309164524]",1,3,0.8583857,0,1.802,0,2.368,B,C,FALSE
33,SATACT,Which choice completes the text so that it conforms to the conventions of Standard English?,sweep,are sweeping,were sweeping,sweeps,0.2,"[-29.931650161743164, -21.100664138793945, -24.04085922241211, -31.772265434265137]",1,3,0.8966668,0,0.864,0,1.067,B,C,FALSE
34,SATACT,Which choice completes the text with the most logical and precise word or phrase?,attached,collected,followed,replaced,0.2,"[-31.054454803466797, -30.441570281982422, -24.33253765106201, -29.248750686645508]",2,0,0.99938405,0,0.529,0,0.672,C,B,FALSE
35,SATACT,Which choice completes the text with the most logical transition?,"Regardless,","Subsequently,","Specifically,","Conversely,",0.2,"[-15.192350387573242, -19.68212378025055, -14.653961837291718, -31.163134053349495]",2,3,0.9914331,0,1.328,0,1.651,C,B,FALSE
36,SATACT,What does the text most strongly suggest about corals that produce bright colors?,These corals have likely been subjected to stressful environmental conditions.,These corals are likely more vulnerable to exposure from intense sunlight than white corals are.,These corals have likely recovered from an environmental event without the assistance of algae colonies.,These corals are more likely to survive without algae colonies than brown corals are.,0.2,"[-40.8391213377472, -63.29180898889899, -55.2878530563321, -61.654304649098776]",0,0,1,1,1.77,0,2.245,A,D,FALSE
37,SATACT,Which choice completes the text with the most logical and precise word or phrase?,secretive,efficient,outgoing,unsympathetic,0.2,"[-31.2573881149292, -15.344035148620605, -26.07825469970703, -19.008980416692793]",1,2,0.999358,0,1.234,0,1.591,B,C,FALSE
38,SATACT,Which choice most logically completes the text?,will likely continue to be used primarily to observe objects outside the solar system.,will no longer be used to observe solar system objects if the telescope recommended by Young and colleagues is deployed.,can be modified to observe the features of solar system objects that are of interest to Young and colleagues.,lacks the sensors to observe the wavelengths of light needed to discern how solar system bodies change over time.,0.2,"[-44.05197198688984, -73.96739920973778, -72.85174000263214, -82.21521770581603]",0,1,1,1,2.889,0,3.816,A,D,FALSE
39,SATACT,Which choice completes the text with the most logical and precise word or phrase?,avoided,featured,appreciated,disregarded,0.2,"[-29.745302200317383, -25.31597137451172, -45.52218055725098, -30.07674777507782]",1,0,0.9991178,0,1.531,0,2.021,B,C,FALSE
40,SATACT,Which choice completes the text with the most logical transition?,"Similarly,","For this reason,","Furthermore,","In other words,",0.2,"[-12.86988314986229, -17.643239706754684, -12.701330870389938, -15.847838670015335]",2,3,0.96066904,0,0.416,1,0.494,C,B,FALSE
41,SATACT,"Which choice best describes the function of the sentence, “The trees, like people, have their individual characters; some were ready to yield up their life-blood, while others were more reluctant.” in the text as a whole?",It portrays the range of personality traits displayed by the women as they work.,It foregrounds the beneficial relationship between humans and maple trees.,It demonstrates how human behavior can be influenced by the natural environment.,It elaborates on an aspect of the maple trees that the women evaluate.,0.2,"[-60.054157592356205, -55.48633316159248, -51.98303580284119, -69.70295398309827]",2,2,0.9047872,1,1.33,0,1.772,C,B,FALSE
42,SATACT,Which choice completes the text so that it conforms to the conventions of Standard English?,to have suspended,suspending,to suspend,suspended,0.2,"[-28.913538932800293, -30.077539443969727, -20.31672763824463, -30.237079620361328]",2,2,0.91907996,0.5,0.823,0,0.992,C,B,FALSE
43,SATACT,Which choice completes the text so that it conforms to the conventions of Standard English?,"company,",company that,company,"company, that",0.2,"[-16.812306880950928, -16.27774965763092, -14.47610092163086, -21.342928886413574]",2,1,0.9190325,0.5,0.506,0,0.687,C,B,FALSE
44,SATACT,Which choice most logically completes the text?,diminishing the monetary reward that corporations might derive from their agreements with Indigenous communities.,limiting the research that corporations conduct on the resources of the Indigenous communities with which they have signed agreements.,preventing independent observers from determining whether the agreements guarantee equitable compensation for Indigenous communities.,discouraging Indigenous communities from learning new methods for harvesting plants and animals from their corporate partners.,0.2,"[-85.70053431391716, -79.72057646512985, -85.78125029802322, -100.2339351773262]",1,3,0.9270269,0.75,1.511,1,2.051,B,C,FALSE
45,SATACT,The student wants to use a quotation to emphasize a potential problem with the wood-wide web theory. Which choice most effectively uses relevant information from the notes to accomplish this goal?,"Describing trees as “super-cooperators,” Simard first suggested that trees can exchange resources with one another in 1997.","In “The Decay of the Wood-Wide Web?,” Karst and colleagues note that common mycorrhizal networks “have captured the interest of broad audiences.”","After evaluating dozens of CMN studies, Karst and colleagues expressed concern that recent claims about common mycorrhizal networks are “disconnected from evidence.”","Despite the concerns expressed in the 2022 study “The Decay of the Wood-Wide Web?,” the wood-wide web theory remains popular.",0.2,"[-79.37893484707456, -52.25442169373855, -66.58755871618632, -60.93246133043431]",1,2,0.85452217,1,1.97,1,2.712,B,C,FALSE
46,SATACT,The student wants to present the significance of the Hart-Celler Act to an audience unfamiliar with the history of US immigration. Which choice most effectively uses relevant information from the notes to accomplish this goal?,"Almost 70% of slots were reserved for immigrants from Great Britain, Ireland, and Germany at the time the Hart-Celler Act was proposed.","Prior to the Hart-Celler Act, new immigration quotas were based on how many people from each country lived in the US in 1890.",The quota system in place in the early 1960s was abolished by the 1965 Hart-Celler Act.,"The 1965 Hart-Celler Act abolished the national-origins quota system, which favored immigrants from northern Europe.",0.2,"[-46.75084809027612, -47.16704814322293, -48.49251750204712, -36.53805576544255]",3,0,0.8980831,1,0.955,1,1.195,D,A,FALSE
47,SATACT,Which quotation from a literary critic best supports the student’s claim?,"“For one novel, an imagined account of a real person’s global travels, Tobar approached his subject like a reporter, interviewing people the man had met along the way and researching the man’s own writings.”","“Tobar got his start as a volunteer for El Tecolote, a community newspaper in San Francisco, and wrote for newspapers for years before earning a degree in creative writing and starting to publish works of fiction.”","“Many of Tobar’s notable nonfiction articles are marked by the writer’s use of techniques usually associated with fiction, such as complex narrative structures and the incorporation of symbolism.”",“The protagonist of Tobar’s third novel is a man who wants to be a novelist and keeps notes about interesting people he encounters so he can use them when developing characters for his stories.”,0.2,"[-152.77060857927427, -143.04727947711945, -115.2925745472312, -136.61278840247542]",2,3,0.88762736,1,2.751,0,3.748,C,B,FALSE
48,SATACT,Which choice completes the text with the most logical and precise word or phrase?,susceptible to,contingent on,saturated with,depleted of,0.2,"[-50.32875669002533, -38.41650187969208, -26.932520389556885, -33.157294034957886]",2,1,0.93226177,0.25,1.719,0,2.34,C,B,FALSE
49,SATACT,"According to the text, what is true about Mother?",She wishes that more ladies would visit her.,Birthdays are her favorite special occasion.,She creates stories and poems for her children.,Reading to her children is her favorite activity.,0.2,"[-37.5172513127327, -38.58162605762482, -33.69624990224838, -35.23774445056915]",2,1,0.8867135,0.75,0.382,0,0.489,C,B,FALSE
50,SATACT,Which choice completes the text with the most logical transition?,"Regardless,","Specifically,","However,","Earlier,",0.32,"[-14.668715000152588, -13.894748389720917, -11.533731028437614, -13.428907752037048]",2,3,0.9976233,0,0.231,0,0.313,C,B,FALSE
51,SATACT,Which choice completes the text with the most logical and precise word or phrase?,stimulated,assigned,opposed,disregarded,0.32,"[-29.681217193603516, -28.881587982177734, -31.33879280090332, -29.413854762911797]",1,0,0.9985733,0,0.184,0,0.246,B,C,FALSE
52,SATACT,"In the sentence ""At the top of the tiers, stood a woman dressed as Lady Liberty."", what is the best answer to replace the phrase ""tiers, stood a woman""?",NO CHANGE,tiers stood a woman,"tiers stood a woman,","tiers stood, a woman",0.32,"[-19.820525735616684, -40.655871361494064, -43.04870507121086, -44.369976222515106]",0,2,1,0.75,1.999,0,2.455,A,D,FALSE
53,SATACT,The student wants to emphasize the decline in unique apple varieties in the US and specify why this decline occurred. Which choice most effectively uses relevant information from the notes to accomplish these goals?,The Lost Apple Project is dedicated to finding some of the apple varieties lost following a shift in agricultural practices in the mid-1900s.,"While over 14,000 apple varieties were grown in the US in the late 1890s, only 15 unique varieties make up most of the apples sold today.","Since the rise of industrial agriculture, US farmers have mainly grown the same few unique apple varieties, resulting in the loss of thousands of varieties less suitable for commercial growth.","As industrial agriculture rose to prominence in the mid-1900s, the number of crops selected for cultivation decreased dramatically.",0.32,"[-74.52607449144125, -55.04487687163055, -83.93753723241389, -66.08725083991885]",1,2,0.8860636,1,2.13,1,2.889,B,C,FALSE
54,SATACT,Which choice best states the main purpose of the text?,It explains why the narrator always wanted a piano close to her bedroom.,It establishes how the narrator feels about the piano.,It suggests that the narrator’s brothers are talented piano players.,It describes the event that led the narrator’s parents to buy a piano.,0.32,"[-63.149805784225464, -35.66803225874901, -70.6779489852488, -53.95593019668013]",1,3,0.92285436,1,2.615,0,3.501,B,C,FALSE
55,SATACT,"According to the text, what is one reason Moejoh and others founded U-recycle Initiative Africa?",To bring attention to overlooked African artists,To teach young people why recycling is important,To help adults gain important outdoor skills,To give teenagers advice about starting businesses,0.32,"[-35.079036347568035, -16.26878973841667, -40.13533174991608, -39.68291783332825]",1,1,0.883074,1,1.948,0,2.387,B,C,FALSE
56,SATACT,Which choice completes the text with the most logical transition?,"In the first place,","On the other hand,","For this reason,","In comparison,",0.32,"[-20.37113532423973, -16.428129449486732, -18.213229209184647, -17.41263073682785]",1,1,0.88365304,0.5,0.29,0,0.394,B,C,FALSE
57,SATACT,Which choice completes the text so that it conforms to the conventions of Standard English?,promote,are promoting,promotes,have promoted,0.32,"[-28.98200225830078, -20.975019454956055, -28.737064361572266, -21.351972579956055]",1,1,0.9065757,0,0.77,1,0.801,B,C,FALSE
58,SATACT,Which choice completes the text so that it conforms to the conventions of Standard English?,"effect, though;","effect, though",effect; though,"effect, though,",0.32,"[-23.62757956981659, -20.64982497692108, -24.757744312286377, -22.243533611297607]",1,1,0.95244795,0,0.307,0,0.411,B,C,FALSE
59,SATACT,Which choice best states the main idea of the text?,"Barve’s investigation shows that some species of Himalayan songbirds have evolved feathers that better regulate body temperature than do the feathers of other species, contradicting previous predictions.","Barve found an association between habitat temperature and feather structure among Himalayan songbirds, lending new support to a general prediction.","Barve discovered that songbirds have adapted to their environment by growing feathers without flat and smooth sections, complicating an earlier hypothesis.","The results of Barve’s study suggest that the ability of birds to withstand cold temperatures is determined more strongly by feather length than feather structure, challenging an established belief.",0.32,"[-99.82475466188043, -82.49955529719591, -97.9339410290122, -116.45141092780977]",1,2,0.9057629,0.75,2.405,0,3.395,B,C,FALSE
60,SATACT,The student wants to present Tan’s research to an audience unfamiliar with Angkor Wat. Which choice most effectively uses relevant information from the notes to accomplish this goal? ,Tan photographed Angkor Wat’s plaster walls and then applied decorrelation stretch analysis to the photographs. ,Decorrelation stretch analysis is a novel digital imaging technique that Tan used to enhance the contrast between colors in a photograph. ,"Using a novel digital imaging technique, Tan revealed hundreds of images hidden on the walls of Angkor Wat, a Cambodian temple. ","Built to honor a Hindu god before becoming a Buddhist temple, Cambodia’s Angkor Wat concealed hundreds of images on its plaster walls. ",0.32,"[-59.29069182393141, -63.23904791660607, -59.978186992462724, -76.11066404404119]",0,3,1,1,1.356,1,1.682,A,D,FALSE
61,SATACT,Which choice completes the text so that it conforms to the conventions of Standard English? , instrument: , instrument,instrument— ,"instrument,",0.32,"[-20.68033242225647, -9.606524467468262, -32.97719049453735, -26.311694622039795]",1,2,0.93393725,0,1.714,0,2.337,B,C,FALSE
62,SATACT,"Which choice best describes the function of the first sentence in the text, “Yawn contagion occurs when one individual yawns in response to another’s yawn.” as a whole?",It defines a phenomenon that is discussed in the text.,It introduces a problem that is examined in the text.,It makes a claim that is challenged in the text.,It presents a hypothesis that is evaluated in the text.,0.32,"[-47.55737030506134, -46.75825381278992, -43.68430006504059, -48.297178626060486]",2,3,0.91340256,1,0.351,0,0.461,C,B,FALSE
63,SATACT,The student wants to describe the rocking chair to an audience unfamiliar with Sam Maloof. Which choice most effectively uses relevant information from the notes to accomplish this goal?,"With its sleek, contoured armrests and seat, the walnut rocking chair in Boston’s Museum of Fine Arts is just one piece of furniture created by American woodworker Sam Maloof.","Sam Maloof was born in 1916 and died in 2009, and during his life, he made a chair that you can see if you visit the Museum of Fine Arts in Boston.",Furniture designer Sam Maloof was a recipient of one of the John D. and Catherine T. MacArthur Foundation’s “genius grants.”,"The rocking chair is made from walnut, and it has been shaped such that its armrests and seat are sleek and contoured.",0.32,"[-106.53118049343175, -74.75338438316248, -82.71352436160669, -69.15141560183838]",3,2,0.89594704,1,2.852,0,3.738,D,A,FALSE
64,SATACT,"In the sentence ""Scholars often probe the museums’ archives of early written works for insights into lives led long ago."", what is the best answer to replace the phrase ""probe""?",NO CHANGE,grab an eyeful of,check out,pry,0.32,"[-19.87349557876587, -30.7836472094059, -17.5655198097229, -18.04336166381836]",2,1,0.8476832,0.25,1.078,1,1.322,C,B,FALSE
65,SATACT,Which choice completes the text with the most logical and precise word or phrase?,require,remember,foster,discourage,0.32,"[-16.095401763916016, -15.70103645324707, -26.289783477783203, -33.05158519744873]",1,3,0.9995768,0,1.458,0,1.735,B,C,FALSE
66,SATACT,The student wants to provide an explanation and an example of Aeolian landforms. Which choice most effectively uses relevant information from the notes to accomplish this goal?,"Aeolian landforms are created by different wind-based processes; for example, some are created by wind erosion.","Aeolian landforms—landforms created by the wind—include the mushroom rock, a rock formation in which the wind erodes the base of the rock faster than the top.","Erosion, transportation, and deposition are three examples of how the wind can create Aeolian landforms and mushroom rocks.","A mushroom rock is a rock formation that owes its shape to the wind, a natural force associated with Aeolus in Greek mythology.",0.32,"[-83.93639206141233, -98.22029577940702, -69.75796392187476, -83.46193964034319]",2,1,0.88665503,1,2.013,1,2.846,C,B,FALSE
67,SATACT,"Which finding about the remote-sensing images, if true, would most directly support Prümers and colleagues’ conclusion?",They show shapes consistent with widely separated settlements of roughly equal small size surrounded by uncultivated jungle.,They show shapes consistent with long-distance footpaths running from Casarabe territories to large cities outside the region inhabited by the Casarabe people.,They show shapes consistent with scattered small farms created by clearing jungle areas near sources of fresh water.,They show shapes consistent with monumental platforms and dense central settlements linked to smaller settlements by a system of canals and roadways.,0.32,"[-100.08090771362185, -122.2747844401747, -103.41858158633113, -118.01518793404102]",0,1,1,0.5,1.879,1,2.219,A,D,FALSE
68,SATACT,Which choice completes the text with the most logical and precise word or phrase?,enhance,hinder,misrepresent,aggravate,0.32,"[-30.24820613861084, -25.02884864807129, -31.732016563415527, -29.66869042813778]",1,1,0.99827325,0,0.501,0,0.67,B,C,FALSE
69,SATACT,Which choice completes the text with the most logical transition? ,"Subsequently, ","Conversely,","For instance,  ",In other words,0.32,"[-23.06406831741333, -24.602684281766415, -25.222143903374672, -15.267802953720093]",3,0,0.80512226,0,0.798,0,0.995,D,A,FALSE
70,SATACT,"As used in the text, what does the word “trace” most nearly mean?",Evidence,Blemish,Amount,Sketch,0.32,"[-12.215191841125488, -22.3456289768219, -16.826515197753906, -43.88301086425781]",0,3,1,0,2.425,0,3.167,A,D,FALSE
71,SATACT,Which choice completes the text with the most logical and precise word or phrase?,complimented by,uncertain about,unbothered by,inspired by,0.32,"[-34.35821998119354, -37.47090005874634, -23.647614300251007, -15.585660934448242]",3,2,0.92277396,0,1.741,0,2.189,D,A,FALSE
72,SATACT,Which choice completes the text so that it conforms to the conventions of Standard English?,Umuofia’s traditions will be affected.,will Umuofia’s traditions be affected.,Umuofia’s traditions will be affected?,will Umuofia’s traditions be affected?,0.32,"[-46.75735813379288, -35.09431071579456, -44.7598996758461, -30.88904871046543]",3,3,0.9246661,0,1.318,1,1.587,D,A,FALSE
73,SATACT,Which quotation from O Pioneers! most effectively illustrates the claim?,"“She looked fixedly up the bleak street as if she were gathering her strength to face something, as if she were trying with all her might to grasp a situation which, no matter how painful, must be met and dealt with somehow.“","“She had never known before how much the country meant to her. The chirping of the insects down in the long grass had been like the sweetest music. She had felt as if her heart were hiding down there, somewhere, with the quail and the plover and all the little wild things that crooned or buzzed in the sun. Under the long shaggy ridges, she felt the future stirring.“","“Alexandra drove off alone. The rattle of her wagon was lost in the howling of the wind, but her lantern, held firmly between her feet, made a moving point of light along the highway, going deeper and deeper into the dark country.”","“Alexandra drew her shawl closer about her and stood leaning against the frame of the mill, looking at the stars which glittered so keenly through the frosty autumn air. She always loved to watch them, to think of their vastness and distance, and of their ordered march. It fortified her to reflect upon the great operations of nature, and when she thought of the law that lay behind them, she felt a sense of personal security.”",0.32,"[-170.9293987462297, -253.53490795521066, -225.51785844564438, -327.1747601944953]",0,3,1,1,11.265,0,15.625,A,D,FALSE
74,SATACT,Which choice best describes the overall structure of the text?,It presents alternating descriptions of night in a rural area and in a city.,"It sketches an image of nightfall, then an image of sunrise.",It makes an extended comparison of night to a human being.,It portrays how night changes from one season of the year to the next.,0.32,"[-61.66808804869652, -54.96393747255206, -54.760166227817535, -57.58967923000455]",2,1,0.88996303,1,0.557,1,0.691,C,B,FALSE
75,SATACT,Which quotation from a researcher would best support the student’s assertion?,"“In one site in the wild where transgenic fish were observed, females outnumbered males, while in another the numbers of females and males were equivalent.”","“Though some presence of transgenic fish in the wild has been recorded, there are insufficient studies of the impact of those fish on the ecosystems into which they are introduced.”",“The ecosystems into which transgenic fish are known to have been introduced may represent a subset of the ecosystems into which the fish have actually been introduced.”,"“Through interbreeding, transgenic fish might introduce the trait of fluorescence into wild fish populations, making those populations more vulnerable to predators.”",0.24,"[-113.46145930327475, -109.59145896229893, -100.96647112024948, -95.01862930227071]",3,3,0.8882388,1,1.443,1,1.844,D,A,FALSE
76,SATACT,"Which finding, if true, would most directly support Shcherbakova and colleagues' claim?",Shcherbakova and colleagues' analysis showed a slightly negative correlation between grammatical complexity and fusion and between grammatical complexity and informativity.,Shcherbakova and colleagues' analysis showed a slightly negative correlation between grammatical complexity and exotericity.,Shcherbakova and colleagues' analysis showed a slightly positive correlation between grammatical complexity and fusion.,Shcherbakova and colleagues' analysis showed a slightly positive correlation between fusion and exotericity and between informativity and exotericity.,0.24,"[-60.69021677703131, -46.65598962048534, -50.110575124272145, -70.60229557997081]",1,0,0.9587074,1,1.879,1,2.395,B,C,FALSE
77,SATACT,"In the sentence ""His glowing smile are evidence of his pride in the onions—the proof of his labor and love—and in me, the photographer, his son."", what is the best answer to replace the phrase ""are""?",NO CHANGE,is,were,OMIT the underlined portion.,0.24,"[-20.667067646980286, -9.050056457519531, -16.615842819213867, -35.7330596446991]",1,3,0.8517338,0.5,1.945,0,2.668,B,C,FALSE
78,SATACT,Which choice completes the text with the most logical and precise word or phrase?,stymie,compound,disparage,outstrip,0.24,"[-12.560928672552109, -28.869300842285156, -28.487381130456924, -19.042829513549805]",0,2,1,0,1.367,0,1.631,A,D,FALSE
79,SATACT,Which choice most logically completes the text?,most reviewers didn’t understand Grimes’s goal for One Last Word.,Grimes successfully used the golden shovel method to achieve her goal for One Last Word.,Langston Hughes and Georgia Douglas Johnson are two of Grimes’s favorite poets.,Grimes inspired many other writers to create poems using the golden shovel method.,0.24,"[-61.98348135352717, -64.09276072334615, -56.60571746528149, -63.28994583338499]",2,1,0.86136556,0.75,0.584,1,0.749,C,B,FALSE
80,SATACT,Which quotation from “To You” most effectively illustrates the claim?,“Your true soul and body appear before me.”,"“Whoever you are, now I place my hand upon you, that you be my poem.”",“I should have made my way straight to you long ago.”,"“Whoever you are, I fear you are walking the walks of dreams.”",0.24,"[-50.066719233989716, -74.39197981357574, -54.318478256464005, -71.05944314599037]",0,1,1.0000001,0.75,2.089,0,2.433,A,D,FALSE
81,SATACT,"In the sentence ""Intricate mosaics—enormous 'paintings' fashioned from millions of tiny cut stones of various colors—lining each of the basilica’s several smaller domes."", what is the best answer to replace the phrase ""lining""?",NO CHANGE,that line,line,lines,0.24,"[-19.996177792549133, -17.54976511001587, -12.484676361083984, -13.957630157470703]",2,0,0.84745985,0.25,0.591,0,0.751,C,B,FALSE
82,SATACT,Which choice completes the text so that it conforms to the conventions of Standard English?,places,placed,place,to place,0.24,"[-14.94161319732666, -15.621749877929688, -13.101529121398926, -17.6527361869812]",2,3,0.99968165,0.25,0.326,0,0.455,C,B,FALSE
83,SATACT,Which quotation from “Valia” most effectively illustrates the claim?,"“The hand in which he carried his book was getting stiff with cold, but he would not ask his mother to take the book from him.”","“Valia was reading a huge, very huge book, almost half as large as himself.”",“Valia approached the window and examined the toys.”,"“Everything in the room was quiet, so quiet that the only thing to be heard was the rustling of the pages he turned.”",0.24,"[-111.19018054008484, -77.45759182423353, -59.763502802699804, -79.56762731820345]",2,2,0.8886612,1,3.706,0,5.143,C,B,FALSE
84,SATACT,Which choice best states the main idea of the text?,"Although inhabiting a home surrounded by fanciful features such as those designed by Gins and Arakawa can be rejuvenating, it is unsustainable.",Designing disorienting spaces like those in the Gins and Arakawa building is the most effective way to create a physically stimulating environment.,"As a filmmaker, Yamaoka has long supported the designs of conceptual artists such as Gins and Arakawa.","Although impractical, the design of the apartment building by Gins and Arakawa may improve the well-being of the building's residents.",0.24,"[-88.40300689451396, -77.22792169917375, -67.55132441309979, -58.02328508824576]",3,3,0.90032506,1,2.256,1,3.038,D,A,FALSE
85,SATACT,"If the writer were to delete the phrase ""sixteen hours for a complete cycle of tides"" from the sentence, ""I knew that it took about eight hours for the tides to change from high to low, sixteen hours for a complete cycle of tides."" (ending the sentence with a period), what detail would the essay would primarily lose?",shows how the narrator's interests are different from the mother's interests.,contradicts a point made earlier in the paragraph.,helps establish the setting for the essay.,displays the narrator‚Äôs knowledge of tides.,0.24,"[-65.18280889838934, -74.71915137767792, -38.561957478523254, -91.61156851798296]",2,1,0.87473905,1,3.842,0,5.305,C,B,FALSE
86,SATACT,Which choice completes the text with the most logical transition?,"Specifically,","Similarly,","Nevertheless,","Hence,",0.24,"[-13.676947116851807, -13.25285792350769, -14.135913699865341, -26.288850724697113]",1,0,0.98803806,0,1.093,0,1.304,B,C,FALSE
87,SATACT,Which choice completes the text with the most logical and precise word or phrase?,haphazard,premeditated,inspirational,fruitless,0.24,"[-20.2027105987072, -17.046379923820496, -41.77725315093994, -19.23829746246338]",1,0,0.7981422,0,2,0,2.473,B,C,FALSE
88,SATACT,"In the sentence ""Edna Gellhorn witnessed a victory that year when votes for women would became part of the 1916 Democratic Party’s set of positions, or platform."", what is the best answer to replace the phrase ""set of positions, or""?",NO CHANGE,"set of positions, otherwise known as its",set of positions—its,OMIT the underlined portion.,0.24,"[-20.527877867221832, -38.40195716917515, -26.733612895011902, -34.12511920928955]",0,2,1,0.75,1.371,0,1.787,A,D,FALSE
89,SATACT,Which choice most logically completes the text?,increasing the number of medicinal plants represented in the vocabularies of Indigenous languages.,transmitting terms for medicinal plants from Indigenous languages to globally dominant languages.,preserving knowledge about the medicinal value of plants native to the tribal nations’ lands.,ensuring that citizens of tribal nations have physical access to medicinal plants.,0.24,"[-57.08384218811989, -74.4177902340889, -70.66385520296171, -70.34588029235601]",0,1,1,0.5,1.315,0,1.733,A,D,FALSE
90,SATACT,The student wants to emphasize a difference between baking soda and baking powder. Which choice most effectively uses relevant information from the notes to accomplish this goal?,"To make batters rise, bakers use chemical leavening agents such as baking soda and baking powder.","Baking soda and baking powder are chemical leavening agents that, when mixed with other ingredients, cause carbon dioxide to be released within a batter.","Baking soda is pure sodium bicarbonate, and honey is a type of acidic ingredient.","To produce carbon dioxide within a liquid batter, baking soda needs to be mixed with an acidic ingredient, whereas baking powder does not.",0.24,"[-46.51947036664933, -45.60121211805381, -47.14210935786832, -37.44626873184461]",3,0,0.89096284,1,0.785,1,0.97,D,A,FALSE
91,SATACT,"It can reasonably be inferred that after seeing the first man walk on the moon, compared to the narrator of Passage B, the narrator of Passage A felt:",more impressed by the fact that the event was broadcast on television.,more optimistic about future space exploration.,less able to appreciate the celebration surrounding the man on the moon.,less disappointed by the delay in the broadcast.,0.24,"[-136.2349145412445, -81.28431224822998, -135.20941019058228, -85.23738813400269]",1,1,0.88891786,0.75,5.254,0,5.495,B,C,FALSE
92,SATACT,Which choice completes the text with the most logical and precise word or phrase?,speculate about,dismiss,expand on,catalog,0.24,"[-42.203683376312256, -30.743261337280273, -27.564576864242554, -28.99651527404785]",2,2,0.90345204,0,1.157,1,1.464,C,B,FALSE
93,SATACT,Which choice completes the text with the most logical transition?,"For example,","For this reason,","Nowadays,","Similarly,",0.24,"[-17.030312538146973, -17.831308245658875, -18.682061672210693, -13.209566697478294]",3,1,0.8848373,0,0.418,0,0.547,D,A,FALSE
94,SATACT,Which quotation from a participant would best illustrate the researcher’s claim?,"“After I came out of the haunted house, I felt very accomplished and less stressed.”",“My friends kept laughing as we were walking through the haunted house.”,"“The haunted house was scary at first, but I knew everyone was just acting, so I felt less scared after a few minutes.”",“The sense of relief I felt at the end of the haunted house was similar to the feelings I have when I finish a scary movie.”,0.24,"[-58.82744037359953, -56.47482472658157, -89.88561306148767, -71.8432960473001]",1,1,0.92381465,1,2.654,0,3.341,B,C,FALSE
95,SATACT,Which choice most logically completes the text?,conditions of the terrains in the Rio Grande Valley and Mesa Verde had greater similarities in the past than they do today.,some Ancestral Puebloans migrated to the Rio Grande Valley in the late 1200s and carried farming practices with them.,Indigenous peoples living in the Rio Grande Valley primarily planted crops and did not cultivate turkeys before 1280.,the Ancestral Puebloans of Mesa Verde likely adopted the farming practices of Indigenous peoples living in other regions.,0.24,"[-101.04855834040791, -62.539300579577684, -97.88544012606144, -84.30461346404627]",1,2,0.8694544,1,3.033,0,3.851,B,C,FALSE
96,SATACT,Which choice completes the text with the most logical transition?,"In addition,","In contrast,","Specifically,","Therefore,",0.24,"[-13.126991212368011, -17.207104921340942, -13.96346801519394, -14.080795347690582]",0,2,1,0,0.311,1,0.408,A,D,FALSE
97,SATACT,The student wants to contrast the emissivity of reflective metal fibers with that of silicon carbide fibers. Which choice most effectively uses relevant information from the notes to accomplish this goal?,The ability of reflective metal fibers and silicon carbide fibers to emit heat was determined by an analysis of each material's emissivity.,"The amount of heat a material absorbs is equal to the amount it emits, as evidenced in Abebe's analyses.","Though the reflective metal fibers and silicon carbide fibers had different rates of emissivity, Abebe planned to use both in a garment.","Whereas the reflective metal fibers had an emissivity of just 0.02, the silicon carbide fibers absorbed large amounts of heat, resulting in an emissivity of 0.74.",0.24,"[-57.433478739112616, -51.53126964904368, -74.66687022149563, -51.41509101097472]",3,0,0.9077179,1,1.9,1,2.325,D,A,FALSE
98,SATACT,The student wants to explain an advantage of the new platinum catalyst developed by Jianbo Tang and his colleagues. Which choice most effectively uses relevant information from the notes to accomplish this goal?,"Researcher Jianbo Tang and his colleagues created a platinum catalyst that combines platinum, a rare and expensive metal, with liquid gallium.","Like other platinum catalysts, the new platinum catalyst requires a particular amount of the metal to be effective.","Platinum is a rare and expensive metal that is used as a catalyst for chemical reactions; however, platinum catalysts typically require a large amount of platinum to be effective.","While still highly effective, the new platinum catalyst requires far less of the rare and expensive metal than do other platinum catalysts.",0.24,"[-34.79369010773371, -50.77041544392705, -64.21803974919021, -68.18099775258452]",0,1,1,1,2.615,1,3.339,A,D,FALSE
99,SATACT,Which choice completes the text with the most logical and precise word or phrase?,selecting,inspecting,creating,deciding,0.24,"[-26.103123664855957, -31.810110092163086, -26.00822162628174, -30.543444633483887]",2,2,0.9997019,0,0.52,1,0.58,C,B,FALSE
100,SATACT,Which choice completes the text with the most logical and precise word or phrase?,involuntarily,beneficially,strenuously,smoothly,0.36,"[-23.596486806869507, -31.921984434127808, -23.99154633283615, -38.29538917541504]",0,1,0.9999999,0,1.218,0,1.47,A,D,FALSE
101,SATACT,Which choice completes the text so that it conforms to the conventions of Standard English?,"researchers, Roberto Scandone and Christopher Kilburn,","researchers, Roberto Scandone and Christopher Kilburn",researchers Roberto Scandone and Christopher Kilburn,"researchers Roberto Scandone, and Christopher Kilburn",0.36,"[-108.68521690368652, -106.28346300125122, -99.82290613651276, -106.18256068229675]",2,0,0.9612373,1,0.657,0,0.886,C,B,FALSE
102,SATACT,Which choice completes the text so that it conforms to the conventions of Standard English?,"single-handedly, however;","single-handedly; however,","single-handedly, however,",single-handedly however,0.36,"[-26.740558087825775, -26.640522852540016, -25.067473351955414, -26.5493066906929]",2,0,0.96760476,0,0.137,0,0.167,C,B,FALSE
103,SATACT,Which choice most logically completes the text?,making individual E. esula plants more susceptible to existing chemical herbicides.,enhancing the ecological benefits of E. esula in North America.,enabling cattle to consume E. esula without becoming sick.,reducing invasive E. esula numbers without harming other organisms.,0.36,"[-55.0796110406518, -57.01723891496658, -54.188346203416586, -53.78712819889188]",3,0,0.89598066,0.25,0.249,1,0.323,D,A,FALSE
104,SATACT,"Based on the passage, the information about Luna City and Mars is most likely meant to represent the:",types of advances in space exploration the narrator anticipated would happen next.,plotlines the narrator planned to develop in his science fiction stories.,official plans for space development revealed during the broadcast.,far-fetched fantasies that first inspired the narrator to become a science fiction writer.,0.36,"[-148.37656891345978, -156.551411151886, -106.68138265609741, -175.4220108985901]",2,2,0.8881447,1,5.026,0,6.874,C,B,FALSE
105,SATACT,Which choice most logically completes the text?,obscuring their awareness of the high degree of artifice involved in constructing the montage.,"lessening their identification with the protagonist, if not alienating them from the character altogether.","compelling them to identify with the film’s director, whose proxy is the camera, and not with the protagonist.",diverting their attention away from the film’s content and toward its stylistic attributes.,0.36,"[-72.97409539204091, -47.08700132276863, -88.92764753475785, -65.55620015785098]",1,1,0.87106985,1,3.007,0,4.184,B,C,FALSE
106,SATACT,Which choice completes the text with the most logical and precise word or phrase?,substantial,satisfying,unimportant,appropriate,0.36,"[-30.51005458831787, -39.88841199874878, -15.7212815284729, -15.166422843933105]",3,3,0.99947613,0,2.084,0,2.472,D,A,FALSE
107,SATACT,Which choice completes the text with the most logical and precise word or phrase?,struggling,beneficial,simple,healthy,0.36,"[-44.69149875640869, -34.44708251953125, -14.981489181518555, -15.252389907836914]",2,1,0.99830854,0,2.55,0,2.971,C,B,FALSE
108,SATACT,The student wants to explain an advantage of the infilling technique. Which choice most effectively uses relevant information from the notes to accomplish this goal?,"To remove carvings from sandstone arches in Utah’s Arches National Park, power grinding is not always feasible.","Filling in carvings with ground sandstone and a bonding agent is less invasive than smoothing them away with a power grinder, which can greatly alter or damage the sandstone arches.",Park rangers can use a power grinding technique to smooth away carvings or fill them in with ground sandstone and a bonding agent.,"As methods for removing carvings from sandstone, power grinding and infilling differ in their level of invasiveness.",0.36,"[-61.25294756726362, -51.0179817432072, -64.11070786812343, -67.79681848318432]",1,1,0.88691723,1,1.247,1,1.678,B,C,FALSE
109,SATACT,Which choice most logically completes the text?,a language can protect itself from being influenced by other languages.,the grammar and vocabulary of any given language change from one generation to the next.,geographical isolation can influence how a language develops.,speakers of one dialect of a language can understand speakers of another dialect of that language.,0.36,"[-39.897439405322075, -47.33950373157859, -46.04421281814575, -78.63071601092815]",0,0,1.0000001,1,3.015,0,3.873,A,D,FALSE
110,SATACT,Which choice completes the text so that it conforms to the conventions of Standard English?,it was,they were,this was,some were,0.36,"[-14.571179866790771, -18.341055870056152, -18.383572101593018, -20.950438499450684]",0,3,1,0.25,0.455,0,0.638,A,D,FALSE
111,SATACT,The student wants to emphasize a similarity between P waves and S waves. Which choice most effectively uses relevant information from the notes to accomplish this goal?,"P waves and S waves both travel beneath Earth’s surface, causing the ground to move.",P waves travel away from an earthquake’s starting point at a higher rate of speed than do S waves. ,"Spreading out from the focus of an earthquake, P waves move the ground backward and forward. ","Although P waves and S waves start at the same point, they behave very differently. ",0.36,"[-41.97657521255314, -62.81336868181825, -54.68279701471329, -42.558552239090204]",0,3,1,1,1.746,1,2.084,A,D,FALSE
112,SATACT,Which choice completes the text with the most logical and precise word or phrase?,circumvents,eclipses,fabricates,exemplifies,0.36,"[-31.14629328250885, -28.53706294298172, -35.885271310806274, -29.741444945335388]",1,3,0.822403,0,0.558,0,0.735,B,C,FALSE
113,SATACT,"The student wants to specify who may have first populated the Azores, according to the 2015 study. Which choice most effectively uses relevant information from the notes to accomplish this goal?","Historians have long believed that the first humans to populate the Azores, a group of islands about 870 miles off the coast of Portugal, arrived in the fifteenth century.",Portuguese mariners may not have been the first humans to populate the Azores.,"In their 2015 study, the researchers found a genetic connection between house mice in the Azores and those in Scandinavia.","According to a 2015 study, the first humans to populate the Azores may have been Vikings from Scandinavia, not mariners from Portugal as previously believed.",0.36,"[-37.23662554170005, -76.51904882397503, -35.68961895447865, -57.297651085071266]",2,2,0.862359,1,3.336,0,4.083,C,B,FALSE
114,SATACT,Which choice completes the text so that it conforms to the conventions of Standard English?,however but it,however it,"however, it",however. It,0.36,"[-39.346575021743774, -33.02957201004028, -31.93186628818512, -34.25532019138336]",2,2,0.9119191,1,0.568,1,0.741,C,B,FALSE
115,SATACT,Which choice completes the text so that it conforms to the conventions of Standard English?,asteroids. Several,"asteroids, several",asteroids; several,asteroids: several,0.36,"[-37.91399526596069, -34.27554666996002, -37.40571975708008, -37.950828075408936]",1,2,0.9221565,0,0.305,0,0.368,B,C,FALSE
116,SATACT,"Based on the text, Huang, Seager, and colleagues would most likely agree with which statement about atmospheric NH3?",Its presence is more likely to indicate that a planet is a mini-Neptune than that the planet is a rocky planet that could support life.,Its absence from a planet that’s not a mini-Neptune indicates that the planet probably doesn’t have life.,It should be treated as a biosignature gas if detected in the atmosphere of a rocky planet but not if detected in the atmosphere of a mini-Neptune.,It doesn’t reliably reach high enough concentrations in the atmospheres of rocky planets or mini-Neptunes to be treated as a biosignature gas.,0.36,"[-75.96872314228676, -68.64206912613008, -61.735732667235425, -74.03054453780351]",2,0,0.8873137,1,1.104,1,1.423,C,B,FALSE
117,SATACT,Which choice completes the text with the most logical and precise word or phrase?,engulfs,encourages,comprises,provokes,0.36,"[-29.68949308246374, -45.54330348968506, -29.90542697906494, -12.87219649553299]",3,2,0.8721669,0,2.311,0,3.267,D,A,FALSE
118,SATACT,Which choice completes the text with the most logical and precise word or phrase?,reflect,receive,evaluate,mimic,0.36,"[-14.1876220703125, -28.960061073303223, -14.683477401733398, -33.30552577972412]",0,2,1.0000001,0,1.698,0,1.912,A,D,FALSE
119,SATACT,"Based on the text, in what way is the human mind like a flower?",It becomes increasingly vigorous with the passage of time.,It draws strength from changes in the weather.,It requires proper nourishment in order to thrive.,It perseveres despite challenging circumstances.,0.36,"[-43.75089553184807, -37.55512477457523, -31.30687915533781, -36.96961452625692]",2,0,0.8858062,0.75,0.881,0,1.244,C,B,FALSE
120,SATACT,"The main point made in the second, third, and fourth paragraphs is that the structure of a baby's brain:",is genetically determined before the child is born.,can be seen through positron-emission tomography.,can be altered through a process known as pruning.,is still developing after the child is born.,0.36,"[-28.71087285876274, -40.042082369327545, -35.77092230785638, -24.83917371928692]",3,3,0.9302357,0.75,1.185,1,1.52,D,A,FALSE
121,SATACT,The student wants to describe Adnan’s December from My Window to an audience already familiar with leporellos. Which choice most effectively uses relevant information from the notes to accomplish this goal?,"Featuring a panoramic landscape, the 1993 work is one of Adnan’s many leporellos, which are accordion-style folded books that when expanded reveal the artist’s work.","When expanded, Adnan’s 1993 leporello December from My Window reveals a panoramic landscape painted in ink and watercolor.","Known for making many other accordion-style folded books called leporellos, Adnan created December from My Window in 1993.","A leporello, such as Adnan’s December from My Window, is folded accordion style, and due to its zigzag shape it is able to stand on its own when fully expanded.",0.36,"[-100.35749538530945, -62.62067010390456, -92.06136973435059, -71.51124261753284]",1,1,0.8925679,1,3.039,0,3.774,B,C,FALSE
122,SATACT,Which choice completes the text so that it conforms to the conventions of Standard English?,many critics have focused on Kurosawa’s use of Western literary sources but,"Kurosawa’s use of Western literary sources has been the focus of many critics, who","there are many critics who have focused on Kurosawa’s use of Western literary sources, but they",the focus of many critics has been on Kurosawa’s use of Western literary sources; they,0.36,"[-66.68409248068929, -81.06110339425504, -79.75596986711025, -78.71058574691415]",0,3,1,1,1.152,0,1.438,A,D,FALSE
123,SATACT,"Which choice best describes Gibson’s approach to art, as presented in the text?",He draws from traditional Native art forms to create his original works.,He has been influenced by Native and non-Native artists equally.,He finds inspiration from boxing in designing the dresses he makes.,He rejects expectations about color and pattern when incorporating beadwork.,0.36,"[-50.38286256790161, -56.416003338992596, -67.20687568187714, -63.822078973054886]",0,1,1,1,1.307,1,1.682,A,D,FALSE
124,SATACT,Which choice completes the text so that it conforms to the conventions of Standard English?,supposed; a,supposed. A,supposed a,"supposed, a",0.36,"[-38.604406118392944, -35.779348731040955, -37.01607704162598, -36.491902589797974]",1,2,0.8852765,1,0.208,1,0.283,B,C,FALSE
125,SATACT,The student wants to explain an advantage of microprobes. Which choice most effectively uses relevant information from the notes to accomplish this goal?,"Despite being heavy, NASA's rovers can land successfully on the surface of Mars.","Microprobes, which weigh as little as 50 milligrams, could explore areas of Mars that are inaccessible to NASA's heavy, wheeled rovers.","NASA currently uses its rovers on Mars, but microprobes have been proposed as an alternative.","Though they are different sizes, both microprobes and rovers can be used to explore the surface of Mars.",0.48,"[-50.826751716434956, -54.860661563812755, -55.54023701697588, -59.408067205687985]",0,0,0.9999999,1,0.609,1,0.858,A,D,FALSE
126,SATACT,"If the writer were to change the pronoun ""one"" to ""we"" in the sentence ""Yet one can hear in the music of their descendants, beautiful variations on a musical sound that has survived for many centuries."", this closing sentence would?",indicate that the writer is a descendant of the Incas.,suggest that the essay's audience are all musicians,take on a somewhat more personal tone.,become more clearly a call to action.,0.48,"[-56.83096054196358, -49.05970287322998, -27.5439682751894, -47.03686237335205]",2,1,0.87474185,1,2.157,0,2.929,C,B,FALSE
127,SATACT,What does the text indicate about the discovery of the sandal?,Temperatures contributed to both protecting and revealing the sandal.,The discovery revealed that the Roman Empire had more influence on Norway than archaeologists previously assumed.,Archaeologists would have found the sandal eventually without help from the general public.,The sandal would have degraded if it hadn’t been removed from the ice.,0.48,"[-62.97800766304135, -72.682148873806, -75.97871009260416, -46.40904070716351]",3,0,0.8764823,1,2.298,0,2.957,D,A,FALSE
128,SATACT,"In the sentence ""In 1916, as the Democratic Party’s national convention met in St. Louis, Missouri, to nominate candidates for the presidency and vice-presidency and to establish a platform, a set of positions on issues."", what is the best answer to replace the phrase ""as""?",NO CHANGE,while,when,OMIT the underlined portion.,0.48,"[-19.630162060260773, -14.815679550170898, -14.10867691040039, -33.221028208732605]",2,1,0.8516347,0.5,1.535,0,1.911,C,B,FALSE
129,SATACT,Which choice completes the text with the most logical and precise word or phrase?,recognizable,intriguing,significant,useful,0.48,"[-29.512847900390625, -44.55008125305176, -14.886202812194824, -25.7877197265625]",2,1,0.9993523,0,2.124,0,2.966,C,B,FALSE
130,SATACT,The student wants to present LIGO’s aim and methodology. Which choice most effectively uses relevant information from the notes to accomplish this goal?,"In 2015, LIGO’s massive interferometers detected a powerful ripple that originated in deep space and eventually passed through Earth.","Though the physics study LIGO began in 2002, its massive interferometers didn’t detect a gravitational wave until 2015.","To achieve its aims, LIGO uses a pair of massive interferometers that are thousands of miles apart.","A physics study designed to detect and analyze gravitational waves, LIGO uses a pair of massive interferometers that are thousands of miles apart.",0.48,"[-58.203304906375706, -79.85652179492172, -47.74273662548512, -55.24955607159063]",2,3,0.893722,1,2.388,0,3.211,C,B,FALSE
131,SATACT,Which choice completes the text so that it conforms to the conventions of Standard English?,people’s stories,peoples story’s,peoples stories,people’s story’s,0.48,"[-27.104558765888214, -48.02377077937126, -36.86582565307617, -33.993984427303076]",0,3,1,0,1.508,0,2.092,A,D,FALSE
132,SATACT,Which choice completes the text with the most logical and precise word or phrase?,unpredictable,important,secretive,ordinary,0.48,"[-54.21164417266846, -12.817302703857422, -31.332913398742676, -15.66051959991455]",1,1,0.99965346,0,3.286,0,4.139,B,C,FALSE
133,SATACT,Which choice completes the text so that it conforms to the conventions of Standard English?,Smith:,Smith—,Smith,"Smith,",0.48,"[-16.4706974029541, -19.8660831451416, -13.437363624572754, -16.55638837814331]",2,2,0.9784974,0,0.455,0,0.643,C,B,FALSE
134,SATACT,The student wants to contrast first-class levers and second-class levers. Which choice most effectively uses relevant information from the notes to accomplish this goal? ,"In levers, the effort is the force applied to the lever; the load, in contrast, is the force that the lever exerts on another object. ","In first-class and second-class levers, the fulcrum and the load are in different locations. ","First-class levers are simple machines consisting of a rigid beam and a fulcrum, but then again, the same is true of second-class levers. ","In first-class levers, the fulcrum is located between the effort and the load, but in second-class levers, the load is located between the effort and the fulcrum. ",0.48,"[-58.30212451145053, -41.6886864984408, -67.89919827319682, -33.577042603166774]",3,2,0.878929,1,2.697,1,3.432,D,A,FALSE
135,SATACT,Which choice completes the text so that it conforms to the conventions of Standard English?,pressure on lawmakers increased when the activists staged a sit-in protest,a sit-in protest staged by the activists increased pressure on lawmakers,lawmakers came under increased pressure when the activists staged a sit-in protest,the activists increased pressure on lawmakers by staging a sit-in protest,0.48,"[-54.442386135458946, -53.62961828708649, -68.59393594413996, -43.55104784667492]",3,3,0.938908,1,1.783,0,2.504,D,A,FALSE
136,SATACT,"Which quotation from an art critic most directly challenges the claim in the text, “In his 1950 masterpiece History of Mexico, Medellín fuses these influences into a style so idiosyncratic that it resists efforts to view his work through the lens of nationality or cultural identity.”?","“Although a number of ancient Indigenous artistic traditions pictured human forms in profile, the forms populating the surface of A History of Mexico suggest a specifically Maya influence.”","“In A History of Mexico, the synthesis of ancient and modernist traditions functions as a stylistic parallel to the work’s subject matter: a survey of centuries of Mexican history.”",“Many critics focus on Indigenous influences in A History of Mexico and other key works by Medellín to the exclusion of influences from non-Indigenous art.”,"“While A History of Mexico features modernist motifs, it relies primarily on angular human forms in profile—a staple of Maya sculpture—and thus invites classification as Indigenous art.”",0.48,"[-153.6316118184477, -124.1499731875956, -117.22110485922894, -155.61703610606492]",2,0,0.8911839,1,3.432,0,3.84,C,B,FALSE
137,SATACT,The student wants to begin a narrative about Wong’s award-nominated web series. Which choice most effectively uses relevant information from the notes to accomplish this goal?,"In 2012, director and visual effects artist Freddie Wong launched a new action-comedy web series: Video Game High School.","Video Game High School was celebrated for its inventive video game–centric world and high-quality special effects, and it was nominated for a Producer’s Guild Award for Outstanding Digital Series.","Wong, cocreator of the YouTube channel RocketJump, would go on to see his web series be nominated for a Producers Guild Award.","In 2012, Video Game High School premiered on RocketJump; it would later be nominated for an award.",0.48,"[-56.61496952265588, -52.19935959320719, -104.46764782816172, -57.92152301967144]",1,2,0.86814094,1,4.255,1,5.227,B,C,FALSE
138,SATACT,Which choice most logically completes the text?,could suggest that there are differences in cognitive ability among the monkeys even though such differences may not actually exist.,are useful for identifying tasks that the monkeys lack the cognitive capacity to perform but not for identifying tasks that the monkeys can perform.,should not be taken as indicative of the cognitive abilities of any monkey species other than C. imitator.,reveal more about the monkeys' cognitive abilities when solving artificial problems than when solving problems encountered in the wild.,0.48,"[-65.1808694601059, -86.60000105202198, -60.15519528836012, -91.0295906662941]",2,2,0.85472256,1,2.657,1,3.087,C,B,FALSE
139,SATACT,Which choice best states the main idea of the text?,Mary hides in the garden to avoid doing her chores.,Mary is getting bored with pulling up so many weeds in the garden.,Mary is clearing out the garden to create a space to play.,Mary feels very satisfied when she’s taking care of the garden.,0.48,"[-49.122842490673065, -55.188527926802635, -48.91912543773651, -42.65788313513622]",3,1,0.90533984,1,0.886,1,1.253,D,A,FALSE
140,SATACT,Which choice completes the text so that it conforms to the conventions of Standard English?,is studying,has studied,study,studies,0.48,"[-14.664102554321289, -16.507136821746826, -12.622299194335938, -27.80792808532715]",2,2,0.8807534,0.25,1.177,0,1.519,C,B,FALSE
141,SATACT,Which choice most logically completes the text? ,the English dialects spoken in the Upland South acquired their emphasis on the “r” sound from dialects spoken in Scotland. ,emphasis on the “r” sound will eventually spread from English dialects spoken in the Upland South to dialects spoken elsewhere. ,the English dialects spoken in Scotland were influenced by dialects spoken in the Upland South. ,people from Scotland abandoned their emphasis on the “r” sound after relocating to the Upland South. ,0.48,"[-76.62746579945087, -73.45757132768631, -59.54803667962551, -72.44724836573005]",2,0,0.9415279,1,1.304,0,1.708,C,B,FALSE
142,SATACT,Which choice best states the main idea of the text?,"Although it may seem surprising that foreign investment declines in developing countries as natural-resource extraction makes up a larger share of those countries’ economies, that decline happens because resource extraction requires initial investments too large for foreign investors to supply.","Although developing countries tend to become less dependent on foreign investment as natural-resource industries make up a larger share of their economies, this change may not occur if the boom-bust cycle of those industries destabilizes local currencies or increases countries’ vulnerability to external shocks.","Although one might expect that foreign investment would increase as natural-resource extraction makes up a larger share of developing countries’ economies, the opposite happens because heavy reliance on natural resources can lead to unattractive conditions for investors.","Although foreign investors tend to avoid initial investments in natural-resource industries in developing countries, foreign investment may increase significantly as those industries stabilize and the risks associated with them decline.",0.48,"[-117.3161258920154, -95.1475959846357, -118.92505424236879, -103.3818182721734]",1,3,0.90376663,1,1.977,1,2.378,B,C,FALSE
143,SATACT,Which choice completes the text with the most logical and precise word or phrase?,skeptical,observant,critical,confident,0.48,"[-37.76855278015137, -26.337830305099487, -14.846879959106445, -30.994722366333008]",2,0,0.99951,0,1.671,0,2.292,C,B,FALSE
144,SATACT,Which choice best states the main purpose of the text?,To provide details about how Argerich identifies which pieces of music she will perform,To assert that Argerich’s performances look effortless because of how she prepares for them,To discuss the kinds of music Argerich feels most comfortable encountering for the first time,To describe the unique way that Argerich approaches music she hasn’t performed before,0.48,"[-51.66033057309687, -46.64547484088689, -60.84901709901169, -49.9917260868242]",1,3,0.90881974,1,1.053,1,1.42,B,C,FALSE
145,SATACT,Which choice completes the text so that it conforms to the conventions of Standard English?,enter,to enter,having entered,entering,0.48,"[-14.377961158752441, -18.955739974975586, -21.93982696533203, -27.41427707672119]",0,0,1,0.25,0.947,0,1.304,A,D,FALSE
146,SATACT,Which choice best states the main idea of the text?,Researchers are unsure how giant honeybees defend against predators larger than hornets.,Researchers think that shimmering in giant honeybees is a specific defense against hornets.,Hornets are known to be the main predator of giant honeybees.,Several different species of insects use shimmering to defend against hornets.,0.48,"[-52.33349986001849, -37.12175324186683, -73.67917314171791, -49.00600318238139]",1,1,0.9248814,0.75,2.638,1,3.656,B,C,FALSE
147,SATACT,Which choice completes the text so that it conforms to the conventions of Standard English?,skeptical but,"skeptical, but","skeptical,",skeptical,0.48,"[-44.678086280822754, -43.21324586868286, -41.106040954589844, -39.25076961517334]",3,2,0.89533854,0,0.412,0,0.543,D,A,FALSE
148,SATACT,"According to the text, which piece of Favela’s art was on display in the Petersen Automotive Museum in 2017?",A painting of Los Angeles,A sculpture of a lowrider car,A painting of a piñata,A sculpture of Jesse Valadez,0.48,"[-23.197850286960602, -21.72532144188881, -22.54584540054202, -22.203565693460405]",1,3,0.903711,1,0.107,1,0.147,B,C,FALSE
149,SATACT,Which choice completes the text with the most logical transition?,"regardless,","admittedly,","in other words,","meanwhile,",0.48,"[-36.908631563186646, -28.27852565050125, -17.01731675863266, -35.016122817993164]",2,3,0.838717,0,1.557,0,1.989,C,B,FALSE
150,SATACT,The student wants to indicate where the short story takes place. Which choice most effectively uses relevant information from the notes to accomplish this goal?,“Raymond’s Run” takes place in Harlem.,"“Raymond’s Run” was published in Gorilla, My Love.",“Raymond’s Run” is told from a first person perspective.,“Raymond’s Run” was written by Toni Cade Bambara.,0.28,"[-22.905463382601738, -37.69284187629819, -28.62784342467785, -34.52062842180021]",0,3,1,0.75,1.133,0,1.479,A,D,FALSE
151,SATACT,Which choice completes the text with the most logical transition?,"In fact,","To that end,","Nevertheless,","That said,",0.28,"[-13.436921671032906, -18.287141144275665, -13.64369261264801, -16.780126601457596]",0,0,1,0,0.414,0,0.485,A,D,FALSE
152,SATACT,Which choice completes the text so that it conforms to the conventions of Standard English?,is,will be,has been,was,0.28,"[-9.09010124206543, -14.705792427062988, -13.432889461517334, -10.828313827514648]",0,0,0.9999999,0.25,0.438,0,0.562,A,D,FALSE
153,SATACT,Which choice completes the text with the most logical and precise word or phrase?,demands,speculates,doubts,establishes,0.28,"[-33.0705451965332, -38.23400020599365, -40.761841773986816, -37.64717960357666]",0,3,0.99999994,0,0.555,0,0.769,A,D,FALSE
154,SATACT,"It may reasonably be inferred that the author considers Emily Dickinson ""one of the luckiest great writers who ever lived"" in part because:",her writing was discovered in such a dramatic way by her editor.,"she lived such a romantic life, dressing in white and enjoying many suitors.",she was never interrupted by her disciples.,"she lived in isolation, which allowed her much time to write.",0.28,"[-127.96830558776855, -180.8349051475525, -100.39775276184082, -128.58068180084229]",2,2,0.8972681,0.75,5.82,0,8.044,C,B,FALSE
155,SATACT,Which choice completes the text with the most logical transition?,"Meanwhile,","Nevertheless,","Secondly,","In fact,",0.28,"[-12.67990329861641, -14.059408023953438, -15.199901401996613, -13.735563218593597]",0,0,1,0,0.18,1,0.252,A,D,FALSE
156,SATACT,"According to the passage, one thing PET allows neurobiologists to do is:",observe activity in the frontal cortex of a baby's brain.,determine the number of genes involved in the formation of a baby's brain.,control the release of neurotransmitters in a baby's auditory cortex.,restore microscopic connections in a baby's brain.,0.28,"[-68.70510628819466, -75.19125870615244, -37.60304073058069, -50.34802354872227]",2,2,0.9322715,1,2.974,0,3.759,C,B,FALSE
157,SATACT,Which quotation from an article about Coleman would most directly support the aviation researcher’s claim?,"“For her air shows, Coleman frequently used the Curtiss JN-4, or ‘Jenny,’ which at that time was one of the most well-known types of planes.”","“While Coleman was beloved by spectators for her charisma, she had a more complicated relationship with her managers and staff, who at times found her behavior too impulsive and demanding.”","“Coleman once considered leaving her career as a stunt pilot to focus her efforts on giving speeches, which she felt would better support her public image.”","“Although female pilots were typically expected to wear traditional but impractical attire that included dresses or skirts, photographs of Coleman show her wearing pants and leather jackets.”",0.28,"[-144.1177756153047, -120.07223665341735, -102.2047636732459, -114.45020374655724]",2,1,0.8744996,1,3.048,0,4.191,C,B,FALSE
158,SATACT,The student wants to emphasize a similarity between the Choctaw Code Talkers and the Navajo Code Talkers. Which choice most effectively uses relevant information from the notes to accomplish this goal?,US soldiers who were members of the Choctaw Nation in Oklahoma used their native language to relay coded information.,"In World War II, one group of Navajo (Diné) soldiers was known as the Navajo Code Talkers.",Both the Choctaw Code Talkers and the Navajo Code Talkers transmitted coded military messages in the soldiers’ native languages.,"The Choctaw Code Talkers, not the Navajo Code Talkers, served in World War I.",0.28,"[-43.777970553492196, -43.592566311359406, -62.69957102893386, -51.783232072368264]",1,1,0.8683225,1,1.56,1,1.911,B,C,FALSE
159,SATACT,Which choice completes the text so that it conforms to the conventions of Standard English?,studies,has been studying,will study,was studying,0.28,"[-28.287866592407227, -23.813154697418213, -20.830900192260742, -21.870546340942383]",2,0,0.89015645,0,0.571,0,0.746,C,B,FALSE
160,SATACT,Which choice completes the text with the most logical and precise word or phrase?,imagine,summarize,defend ,adjust,0.28,"[-29.880101203918457, -43.299113273620605, -31.196640491485596, -16.41905403137207]",3,1,0.9994746,0,1.904,0,2.688,D,A,FALSE
161,SATACT,The student wants to emphasize Janaki Ammal’s achievement. Which choice most effectively uses relevant information from the notes to accomplish this goal?,"By crossbreeding the imported sugarcane species Saccharum officinarum with grasses native to India, Ammal succeeded in creating sugarcane hybrids well suited to India’s climate.","In the 1930s, the Imperial Sugar Cane Institute, which enlisted Ammal, sought to limit dependence on imported sugarcane.",Ammal was enlisted by the Imperial Sugar Cane Institute at a time when a local variety of sugarcane needed to be produced.,"As part of efforts to breed a local variety of sugarcane, an imported sugarcane species called Saccharum officinarum was crossbred with grasses native to India.",0.28,"[-52.53356338641606, -55.89341742056422, -91.06367761059664, -78.20119662676007]",0,1,1,1,3.184,1,3.853,A,D,FALSE
162,SATACT,"Based on the texts, how would the author of Text 2 most likely respond to the underlined claim in Text 1?",By questioning the idea that the story of The Nutcracker is stuck in the past and by rejecting the suggestion that contemporary audiences would enjoy an updated version,By agreeing that contemporary audiences have largely stopped going to see performances of The Nutcracker because it’s so old fashioned,By pointing out that most dance companies could increase their incomes by offering modernized versions of The Nutcracker,By suggesting that dance companies should consider offering revised versions of The Nutcracker instead of completely rejecting the show,0.28,"[-74.63717391958926, -71.80543422343908, -61.54750627424801, -69.62666568730492]",2,1,0.8931911,1,0.974,0,1.309,C,B,FALSE
163,SATACT,Which quotation from Mrs. Spring Fragrance’s letters most effectively illustrates the claim?,"“My honorable cousin is preparing for the Fifth Moon Festival, and wishes me to compound for the occasion some American ‘fudge,’ for which delectable sweet, made by my clumsy hands, you have sometimes shown a slight prejudice.”",“Next week I accompany Ah Oi to the beauteous town of San José. There will we be met by the son of the Illustrious Teacher.”,"“Forget not to care for the cat, the birds, and the flowers. Do not eat too quickly nor fan too vigorously now that the weather is warming.”","“I am enjoying a most agreeable visit, and American friends, as also our own, strive benevolently for the accomplishment of my pleasure.”",0.28,"[-253.55478651821613, -164.67695096507668, -144.42816480994225, -135.3746837694198]",3,2,0.8589802,1,9.371,0,11.818,D,A,FALSE
164,SATACT,Which choice completes the text so that it conforms to the conventions of Standard English?,used,to have used,to use,using,0.28,"[-12.676609992980957, -21.494916439056396, -15.379478454589844, -14.071192741394043]",0,0,0.9999999,0.5,0.673,1,0.882,A,D,FALSE
165,SATACT,Which choice most logically completes the text?,lifelike handshakes may make people more comfortable interacting with robots.,it’s easier to program a robot to perform handshakes than it is to program a robot to perform some other types of greetings.,people are less likely to interact with robots that don’t look like humans.,the robot in the researchers’ study may have uses other than interacting with humans.,0.28,"[-46.98158109933138, -86.90174364391714, -42.83139175828546, -61.531034582760185]",2,2,0.8799582,0.5,3.449,0,4.407,C,B,FALSE
166,SATACT,The student wants to emphasize the aim of the research study. Which choice most effectively uses relevant information from the notes to accomplish this goal?,Researchers wanted to know which factors influence lizard egg clutch size because such factors have been well studied in birds but not in lizards.,"After they obtained data for over 3,900 lizard species, researchers determined that larger clutch size was associated with environments in higher latitudes that have more seasonal change.",We now know that lizards in higher-latitude environments may lay larger clutches to take advantage of shorter windows of favorable conditions.,"Researchers obtained clutch-size and habitat data for over 3,900 lizard species and analyzed the data with statistical models.",0.28,"[-45.86112053634133, -62.55648099811515, -42.49460356398049, -36.61518476950005]",3,0,0.863033,1,1.927,1,2.594,D,A,FALSE
167,SATACT,Which choice completes the text with the most logical and precise word or phrase?,a disconcerting,an acceptable,an imperceptible,a substantial,0.28,"[-19.45692728459835, -21.492279052734375, -19.609964549541473, -13.278539657592773]",3,3,0.89550364,1,0.619,0,0.821,D,A,FALSE
168,SATACT,The student wants to specify why historians believe Abele designed most of Duke’s campus buildings. Which choice most effectively uses relevant information from the notes to accomplish this goal?,"Given that most of the buildings on Duke’s campus feature architectural styles that Abele had studied in Europe, historians believe Abele is the one who designed them.","Though Abele wasn’t formally credited at the time, historians believe he designed most of the buildings on Duke’s campus.","Most of Duke’s campus buildings, which were designed by a firm Abele worked for, were designed in the Gregorian and neo-Gothic architectural styles.","Abele, an architect who studied Gregorian and neo-Gothic architecture in Europe, is believed to have designed most of the buildings on Duke’s campus.",0.28,"[-87.83277387963608, -46.57303459868126, -55.70651526264555, -61.43926047196146]",1,0,0.9268423,1,3.069,0,4.126,B,C,FALSE
169,SATACT,Which choice completes the text so that it conforms to the conventions of Standard English?,they,one,you,it,0.28,"[-13.32757568359375, -12.032712936401367, -13.35753059387207, -10.503541946411133]",3,1,0.9985035,0.25,0.234,0,0.285,D,A,FALSE
170,SATACT,Which choice completes the text with the most logical and precise word or phrase?,involuntarily,beneficially,strenuously,smoothly,0.28,"[-23.596486806869507, -31.921984434127808, -23.99154633283615, -38.29538917541504]",0,2,0.9999999,0,1.218,0,1.47,A,D,FALSE
171,SATACT,Which choice most logically completes the text?,rail systems should offer fewer long-haul routes and airlines should offer more long-haul routes.,rail systems may need to schedule additional trains for these routes.,"security, baggage handling, and boarding procedures used by airlines may need to be implemented for rail systems.",passengers who travel by rail for these routes will need to accept that lead times will be similar to those for air travel.,0.28,"[-58.41041475534439, -47.17328119277954, -61.72390841692686, -93.85567712783813]",1,3,0.9043618,0,3.47,0,4.668,B,C,FALSE
172,SATACT,Which choice best describes the overall structure of the text?,It introduces an artist and then explains some common characteristics of well-known paintings by that artist.,It explains a specific painting technique and then provides examples of artists who use the technique.,It describes a famous painting and then compares it to a lesser-known painting from the same time period.,It gives an opinion on an artist and then suggests multiple reasons why the artist’s work has been largely overlooked.,0.28,"[-73.55349714681506, -63.47529724240303, -68.84118749201298, -86.79028452653438]",1,1,0.92944974,1,1.727,0,2.331,B,C,FALSE
173,SATACT,Which choice completes the text with the most logical transition?,"Alternatively,","Specifically,","For example,","As a result,",0.28,"[-12.60441330075264, -14.35254591703415, -16.869170397520065, -15.662971705198288]",0,2,1,0.25,0.317,0,0.426,A,D,FALSE
174,SATACT,Which choice best states the main idea of the text?,Medina-Alcaide and her team’s study demonstrated that fireplaces were essential to the creators of Paleolithic cave art.,Medina-Alcaide and her team discovered that Paleolithic cave artists in Spain used animal-fat lamps more often than they used torches.,Medina-Alcaide and her team were reluctant to draw many conclusions from their study because of the difficulty they had replicating light sources based on known artifacts.,Medina-Alcaide and her team tested Paleolithic light sources and learned some details about how Paleolithic artists traveled within dark caves.,0.28,"[-83.1758552105166, -86.55542871402577, -108.76285183476284, -99.36833701794967]",0,1,1,0.75,2.046,0,2.559,A,D,FALSE
175,SATACT,Which choice completes the text with the most logical transition?,"in addition,","lastly,","granted,","for instance,",0.48,"[-16.450894832611084, -17.863265931606293, -32.3730251789093, -21.0662282705307]",0,0,1.0000001,0,1.25,0,1.592,A,D,FALSE
176,SATACT,Which choice completes the text so that it conforms to the conventions of Standard English?,silica glass is at a significant disadvantage due to its more dispersed atomic arrangement:,"silica glass has a more dispersed atomic arrangement, resulting in a significant disadvantage:",a significant disadvantage of silica glass is that its atomic arrangement is more dispersed:,"silica glass's atomic arrangement is more dispersed, resulting in a significant disadvantage:",0.48,"[-66.6107851266861, -64.97015343606472, -59.96166219562292, -64.3179677054286]",2,3,0.9258311,1,0.492,0,0.665,C,B,FALSE
177,SATACT,"Which finding, if true, would most directly support the team’s idea?","On average, participants found most of the purple wings and blue wings and far fewer of the iridescent wings.","On average, participants found the iridescent wings faster than they found the purple wings or blue wings.",Some participants reported that the purple wings were easier to see than the blue wings.,Some participants successfully found all of the wings on the leaves.,0.48,"[-59.25609937286936, -58.109538992866874, -36.259096063673496, -45.39272482320666]",2,3,0.9118611,1,1.901,0,2.3,C,B,FALSE
178,SATACT,Which choice completes the text with the most logical and precise word or phrase?,occupy,hoard,reserve,obtain,0.48,"[-26.76183795928955, -28.690356254577637, -28.101401329040527, -28.873714447021484]",0,3,0.9999999,0,0.165,0,0.211,A,D,FALSE
179,SATACT,Which choice completes the text with the most logical transition?,"Consequently,","Alternatively,","Ultimately,","Additionally,",0.48,"[-44.58148041367531, -13.729096218943596, -12.621544033288956, -13.564443975687027]",2,1,0.99625885,0,2.71,0,3.196,C,B,FALSE
180,SATACT,Which choice completes the text with the most logical and precise word or phrase?,intriguing,obvious,accidental,observable,0.48,"[-44.38675785064697, -27.29511833190918, -32.18216323852539, -41.698415756225586]",1,2,0.9995192,0,1.388,0,1.709,B,C,FALSE
181,SATACT,Which choice best states the main idea of the text?,Rhoden and colleagues were the first to confirm that several of Saturn’s moons contain hidden oceans.,Research has failed to identify signs that there is an ocean hidden beneath the surface of Mimas.,Rhoden and colleagues created a new computer model that identifies moons with hidden oceans without needing to analyze the moons’ rotation.,Research has revealed that an oddity in the rotation of Mimas could be explained by an ocean hidden beneath its surface.,0.48,"[-79.9408070393838, -55.09942086040974, -105.81475509423763, -53.61957851797342]",3,2,0.883169,1,4.266,1,5.22,D,A,FALSE
182,SATACT,"Which finding from the students’ study, if true, would most strongly support Tannen’s hypothesis?","On average, participants perceived commentators in the debate as more knowledgeable about the issue than commentators in the panel.","On average, participants perceived commentators in the panel as more knowledgeable about the issue than the single commentator.","On average, participants who watched the panel correctly answered more questions about the issue than those who watched the debate or the single commentator did.","On average, participants who watched the single commentator correctly answered more questions about the issue than those who watched the debate did.",0.48,"[-77.82118808478117, -71.24269204586744, -63.753708742558956, -72.00932551175356]",2,0,0.92455745,1,1,1,1.407,C,B,FALSE
183,SATACT,"Which quotation from an article about Echelman’s sculptures, if true, would most effectively illustrate this ""However, while her sculptures appear as delicate as a breeze, they are actually very durable."" claim?",“Echelman uses a special program that makes a 3D model of the sculpture.”,"“The first part of planning a new sculpture is done using paper and pencil, and then a digital program is used to finalize the design.”",“The materials that Echelman uses to build her sculptures are both flexible and strong.”,“Each sculpture is designed to reflect local landmarks from the area in which it is eventually installed.”,0.48,"[-72.98902200162411, -114.60411967337132, -61.11618270073086, -87.11976981163025]",2,2,0.9185729,1,3.989,0,5.349,C,B,FALSE
184,SATACT,"Which finding, if true, would most directly support the researchers' hypothesis?",Other species in the Velloziaceae family are found in terrains with more soil but have root structures similar to those of B. tomentosa and B. macrantha.,"Though B. tomentosa and B. macrantha both secrete citric and malic acids, each species produces the acids in different proportions.",The roots of B. tomentosa and B. macrantha carve new entry points into rocks even when cracks in the surface are readily available.,B. tomentosa and B. macrantha thrive even when transferred to the surfaces of rocks that do not contain phosphates.,0.48,"[-82.45045448796009, -69.74410162848653, -80.95675573308836, -70.65530787582975]",1,3,0.87438095,1,1.157,0,1.271,B,C,FALSE
185,SATACT,Which choice completes the text so that it conforms to the conventions of Standard English?,"biologist, Yuree Lee","biologist Yuree Lee,",biologist Yuree Lee,"biologist, Yuree Lee,",0.48,"[-57.299991607666016, -54.40266227722168, -51.44195079803467, -59.11180233955383]",2,1,0.95418173,0,0.583,0,0.767,C,B,FALSE
186,SATACT,"Which choice best describes the function of this 'Fires said we were home, we had drawn the circle, we were safe through the night.' portion in the text as a whole?",It illustrates that a fire provides comfort beyondphysical warmth.,It summarizes the information that came before it in the text.,It explains that the house remains cold even insummer.,It suggests that the author feels comfortable inher home with or without a fire.,0.48,"[-69.08816087245941, -49.51317775249481, -78.99097561836243, -72.8255707025528]",1,0,0.8523238,1,2.205,0,2.948,B,C,FALSE
187,SATACT,Which choice completes the text with the most logical and precise word or phrase?,preventable,undeniable,common,concerning,0.48,"[-29.339892268180847, -40.409217834472656, -13.343494415283203, -30.982351303100586]",2,0,0.8773805,0,1.945,0,2.707,C,B,FALSE
188,SATACT,Which choice completes the text with the most logical and precise word or phrase?,a prudently,an overtly,a cordially,an inadvertently,0.48,"[-23.886128425598145, -19.62615394592285, -24.49665927886963, -21.470067977905273]",1,3,0.88218796,1,0.389,0,0.487,B,C,FALSE
189,SATACT,"Which finding, if true, would most directly support Paredes’s argument?","The folklore that the ethnographers collected included several songs written in the form of a décima, a type of poem originating in late sixteenth-century Spain.",Much of the folklore that the ethnographers collected had similar elements from region to region.,Most of the folklore that the ethnographers collected was previously unknown to scholars.,Most of the folklore that the ethnographers collected consisted of corridos—ballads about history and social life—of a clearly recent origin.,0.48,"[-117.48063200898468, -65.19727147056255, -62.03056421875954, -100.93945271149278]",2,0,0.88918924,0.75,4.713,0,5.545,C,B,FALSE
190,SATACT,"Which finding, if true, would most directly support Gómez-Bahamón and her team’s hypothesis? ","The feathers located on the wings of the migratory fork-tailed flycatchers have a narrower shape than those of the nonmigratory birds, which allows them to fly long distances.","Over several generations, the sound made by the feathers of migratory male fork-tailed flycatchers grows progressively higher pitched relative to that made by the feathers of nonmigratory males. ",Fork-tailed flycatchers communicate different messages to each other depending on whether their feathers create high-pitched or low-pitched sounds. ,The breeding habits of the migratory and nonmigratory fork-tailed flycatchers remained generally the same over several generations. ,0.48,"[-93.46558652562089, -81.97638739657123, -85.31408225558698, -73.12761746181059]",3,0,0.90328914,1,1.458,0,2.034,D,A,FALSE
191,SATACT,Which choice completes the text so that it conforms to the conventions of Standard English? ,"described, from hair to grass to sculptures","described, from hair to grass to sculptures— ","described—from hair to grass to sculptures, ",described: from hair to grass to sculptures ,0.48,"[-51.133524775505066, -58.50577354431152, -56.17345988750458, -57.52923846244812]",0,3,1,1,0.568,0,0.737,A,D,FALSE
192,SATACT,Which choice best states the main purpose of the text?,To compare basketball with other sports,To provide details of how to play basketball,To state how players will be chosen for the basketball team,To explain why the narrator thinks she might make the basketball team,0.48,"[-40.59973168373108, -45.1997047662735, -62.98187756538391, -57.772718608379364]",0,1,1,0.75,1.816,0,2.238,A,D,FALSE
193,SATACT,Which choice completes the text with the most logical and precise word or phrase?,conceptualize,neglect,illustrate,overcome,0.48,"[-29.41718488931656, -30.452277183532715, -42.35578632354736, -27.971845626831055]",3,3,0.8619075,0,1.146,0,1.438,D,A,FALSE
194,SATACT,"At point [4], the writer is considering adding the following true statement: ""I have many photo albums, and each one includes pictures of my father in various poses."" Should the writer make this addition here?","Yes, because it informs the reader that the photograph he describes in the preceding sentence is not the only one he has of his father.","Yes, because it informs the reader that the writer is more than an amateur photographer.","No, because it contradicts the writer's claim that the photograph he describes in the preceding sentence is one he also treasures.","No, because it distracts the reader from the main focus of the paragraph and does not logically fit at this point in the essay.",0.48,"[-65.16184506006539, -54.95059821009636, -82.67779364436865, -69.17548795847688]",1,0,0.91935253,1,1.988,0,2.773,B,C,FALSE
195,SATACT,Which choice completes the text with the most logical and precise word or phrase?,widespread,careful,unintended,infrequent,0.48,"[-26.629807472229004, -27.57279872894287, -41.20921993255615, -18.118627548217773]",3,0,0.82481015,0,1.654,0,2.309,D,A,FALSE
196,SATACT,Which choice best states the main idea of the text?,Alspaugh inspired other women to save pieces of fabric in scrapbooks and provide historical records of nineteenth-century fashions in the United States.,Historians rely on fabric scrapbooks to understand how fashions changed throughout the nineteenth-century United States.,Fabric scrapbooks were a popular hobby for many women in the nineteenth-century United States.,Alspaugh’s scrapbook provides a detailed account of her life and historical record of fashion trends in the nineteenth-century United States.,0.48,"[-95.61299972911365, -68.11574728414416, -70.9359776545316, -54.58037437812891]",3,3,0.93628937,1,2.961,1,4.103,D,A,FALSE
197,SATACT,Which quotation from “The Bet” most effectively illustrates the claim?,“Then the banker cautiously broke the seals off the door and put the key in the keyhole.”,"“It struck three o’clock, the banker listened; everyone was asleep in the house and nothing could be heard outside but the rustling of the chilled trees.”","“The banker, spoilt and frivolous, with millions beyond his reckoning, was delighted at the bet.”","“When [the banker] got home he lay on his bed, but his tears and emotion kept him for hours from sleeping.”",0.48,"[-84.86831822991371, -137.3920118510723, -101.86133459210396, -90.14901062846184]",0,2,0.99999994,1,4.095,0,5.252,A,D,FALSE
198,SATACT,Which choice completes the text with the most logical transition?,"As a result,","First,","Additionally,","However,",0.48,"[-14.513921558856964, -12.089804887771606, -12.749428316950798, -11.86222219467163]",3,3,0.8503902,0.25,0.208,0,0.265,D,A,FALSE
199,SATACT,Which choice completes the text so that it conforms to the conventions of Standard English?,she,they,it,those,0.48,"[-11.178464889526367, -14.105476379394531, -10.664617538452148, -15.77901840209961]",2,2,0.99936825,0.25,0.421,0,0.511,C,B,FALSE
200,SATACT,Which choice completes the text so that it conforms to the conventions of Standard English?,is vowing,vowed,will vow,vows,0.36,"[-18.30312740802765, -26.037880897521973, -20.486995697021484, -25.247708320617676]",0,0,0.9999998,0.25,0.646,1,0.773,A,D,FALSE
201,SATACT,Which choice completes the text with the most logical and precise word or phrase?,unobtrusive,concealed,approximate,peripheral,0.36,"[-28.94143271446228, -39.04413032531738, -46.690022468566895, -41.80196285247803]",0,3,1.0000002,0,1.297,0,1.775,A,D,FALSE
202,SATACT,"Given that all of the choices are true, which one, replacing the phrase ""is often used by marine biologists."", provides information that is relevant and that makes the rest of Paragraph 3 understandable?",NO CHANGE,had a specimen bottle attached to its smaller end.,was woven from cotton and nylon material.,was shaped like a geometric figure.,0.36,"[-20.63698124885559, -70.46056973934174, -61.36465549468994, -43.945637464523315]",0,2,1,0.75,3.799,0,4.982,A,D,FALSE
203,SATACT,Which choice completes the text with the most logical and precise word or phrase?,thoughtfulness,esteem,controversy,sincerity,0.36,"[-17.921648025512695, -15.37305736541748, -41.2013053894043, -25.192940711975098]",1,0,0.847768,0,2.013,0,2.583,B,C,FALSE
204,SATACT,The student wants to emphasize a difference between the MexiCali Biennial and traditional biennials. Which choice most effectively uses relevant information from the notes to accomplish this goal?,"In 2006, artists Ed Gomez and Luis Hernandez founded the MexiCali Biennial, which has taken place in 2006, 2009–10, 2013, and 2018–20.","Unlike traditional biennials, the MexiCali Biennial hosts exhibitions in different venues on an uneven schedule.","The term biennial traditionally refers to an art exhibition that takes place every two years in a single location, not to exhibitions hosted at a variety of times and venues.","Biennial exhibitions have been held in New York, Berlin, and Venice but also on both sides of the US-Mexico border.",0.36,"[-57.25834313379892, -36.10282669152366, -64.88040579785593, -60.28055736748502]",1,0,0.8674952,1,2.207,0,2.878,B,C,FALSE
205,SATACT,"The last paragraph suggests that those who would reevaluate, and perhaps want to devalue, the work of famous male poets should above all be:",cautious.,decisive.,opinionated.,zealous.,0.36,"[-55.739014625549316, -50.779337882995605, -57.001325607299805, -43.905219078063965]",3,0,0.9173367,0,1.029,0,1.31,D,A,FALSE
206,SATACT,Which choice completes the text with the most logical and precise word or phrase?,decisive,lacking,variable,dormant,0.36,"[-30.74203872680664, -27.100829124450684, -14.011063575744629, -36.38313961029053]",2,3,0.9975572,0,1.645,0,2.237,C,B,FALSE
207,SATACT,Which choice most logically completes the text?,S. caninervis is one of the few types of moss that can survive under semitransparent rocks.,quartz crystals do not transmit the necessary sunlight for photosynthesis in S. caninervis.,S. caninervis growing under quartz crystals experience lower light intensity and are thus able to retain more moisture.,quartz crystals are capable of supporting S. caninervis growth if the crystals are not too thin.,0.36,"[-60.30553085077554, -71.87284162268043, -71.53125458583236, -75.33150859363377]",0,0,1,0.75,1.132,0,1.503,A,D,FALSE
208,SATACT,Which choice completes the text with the most logical and precise word or phrase?,prevail,succumb,diverge,intersect,0.36,"[-34.01970863342285, -43.3428430557251, -27.866594791412354, -30.371418952941895]",2,0,0.88388455,0,1.175,0,1.548,C,B,FALSE
209,SATACT,"The student wants to make a generalization about the kind of study conducted by Glickman, Brown, and Song. Which choice most effectively uses relevant information from the notes to accomplish this goal?","Based on statistical analysis, Glickman, Brown, and Song claim that John Lennon wrote the verse of “In My Life.”",There is only an 18.9% probability that Paul McCartney wrote the verse for “In My Life”; John Lennon is the more likely author.,"It is likely that John Lennon, not Paul McCartney, wrote the verse for “In My Life.”",Researchers have used statistical methods to address questions of authorship within the field of music.,0.36,"[-69.21487117564538, -70.01533981121611, -58.48422092484543, -54.62272287346423]",3,0,0.87281674,1,1.336,0,1.539,D,A,FALSE
210,SATACT,Which choice completes the text with the most logical transition?,"Specifically,","Next,","For instance,","In sum,",0.36,"[-13.93725699186325, -12.955767273902893, -18.097559928894043, -18.38817948102951]",1,1,0.9900633,0,0.485,0,0.543,B,C,FALSE
211,SATACT,Which choice completes the text with the most logical and precise word or phrase?,replicable,predetermined,operative,latent,0.36,"[-15.64107871055603, -32.5496711730957, -14.91467571258545, -28.20863628387451]",2,0,0.86067694,0,1.542,0,1.763,C,B,FALSE
212,SATACT,"Which choice best describes the function of this ""Many scientists at the time believed that the ocean floor was mostly flat."" sentence in the text as a whole?",It identifies a scientific belief that Tharp and Heezen showed to be wrong.,It describes the design of Tharp and Heezen’s experiment.,It emphasizes a disagreement between Tharp and Heezen.,It presents data to support a claim that Tharp and Heezen made.,0.36,"[-46.434613949561026, -45.38271287456155, -40.80923368962249, -50.77570798480883]",2,0,0.9262909,1,0.709,0,0.997,C,B,FALSE
213,SATACT,Which choice best states the main purpose of the text?,To convey the worries brought about by a new guest,To describe how the characters have changed over time,To contrast the activity indoors with the stillness outside,To depict the setting as the characters await a visitor's arrival,0.36,"[-52.34684844315052, -47.43691301345825, -43.30796867609024, -60.45056141912937]",2,3,0.8612939,1,1.276,1,1.714,C,B,FALSE
214,SATACT,The student wants to specify how the salt enables energy storage. Which choice most effectively uses relevant information from the notes to accomplish this goal? ,"Scientists have developed a freeze-thaw battery that contains molten salt, which liquifies when heated and solidifies at room temperature.","The stored energy in a freeze-thaw battery, which contains molten salt, can be used by reheating the battery. ","When the molten salt in a freeze-thaw battery solidifies at room temperature, energy stops flowing and can be stored in the battery.",Molten salt allows a freeze-thaw battery to retain 92% of its charge after twelve weeks.,0.36,"[-31.80760583630763, -62.81207227765117, -55.80052217654884, -42.1211360595189]",0,3,1,1,2.402,0,3.1,A,D,FALSE
215,SATACT,Which choice completes the text with the most logical and precise word or phrase?,antecedent,impending,innocuous,perpetual,0.36,"[-30.56643319129944, -29.665061950683594, -43.168813705444336, -45.12819004058838]",1,3,0.819402,0,1.412,0,1.546,B,C,FALSE
216,SATACT,"Which choice best describes the function of the portion, “Ever repulsed, yet ever rushing on—Filled with a life that will not know defeat;” in the text as a whole?",It portrays the surroundings as an imposing and intimidating scene.,It characterizes the sea’s waves as a relentless and enduring force.,It conveys the speaker’s ambivalence about the natural world.,It draws a contrast between the sea’s waves and the speaker’s thoughts.,0.36,"[-62.62360107898712, -57.74564325995743, -55.143738836282864, -58.438783627934754]",2,0,0.90328723,1,0.537,0,0.748,C,B,FALSE
217,SATACT,"In the sentence ""This tiny country—about one-sixth of a square mile in all—is also home to a disproportionately large number of sites with great historical, artistic, and which have religious significance."", what is the best answer to replace the phrase ""about one-sixth of a square mile in all—""?",NO CHANGE,"approximately about one-sixth of a square mile, all told—",a grand total sum of about one-sixth of a square mile—,a total of about one-sixth of a square mile when added together—,0.36,"[-19.629826188087463, -46.93975073099136, -39.56932233273983, -43.783690966665745]",0,3,1,0.75,2.127,0,2.731,A,D,FALSE
218,SATACT,"Which of the following most nearly paraphrases Helen Hunt Jackson's statement to Emily Dickinson that ""it is wrong to the day you live in, that you will not sing aloud""?",It is morally reprehensible of you not to let other poets read your work.,It is unacceptable for you to continue writing; you should become a singer.,It is stingy and wrong of you not to read out loud to those who like your work.,It is unfair to this age that you do not share your poetry with the world.,0.36,"[-179.36301469802856, -167.71106910705566, -210.2034478187561, -186.4245138168335]",1,2,0.90664244,1,3.106,1,4.249,B,C,FALSE
219,SATACT,The last paragraph suggests that the formation of synapses occurs most rapidly:,during the first two months of a child's life.,during the first nine months of a child's life.,from the time a child is about six months old until that child is about ten years old.,from the time a child is about one year old until that child is well into adolescence.,0.36,"[-19.992396034300327, -20.031257325783372, -47.46448605507612, -50.75648257136345]",0,2,1,1,2.919,0,3.076,A,D,FALSE
220,SATACT,Which choice most logically completes the text?,"in order to increase their efficiency, authors who currently write their novels largely by hand should instead work only on a computer.",authors who do most of their drafting and revising by hand likely have more success than those who work entirely on a computer.,"novels written by hand take less time to produce, on average, than novels written on a computer do.",there is no way to reasonably evaluate how a work would be different if it had been written by other means.,0.36,"[-91.83188924193382, -78.39193392172456, -94.43887077271938, -61.03391772508621]",3,3,0.8597668,1,2.651,0,3.34,D,A,FALSE
221,SATACT,"Which finding, if true, would most directly support Stöger and her team’s claim?",Giraffes have an excellent sense of vision and can see in color.,The giraffes only produced the humming sounds at night when they couldn’t see one another.,Wild giraffes have never been recorded making humming sounds.,Researchers observed other animals in European zoos humming.,0.36,"[-64.75742400437593, -49.392958430806175, -38.971155539155006, -50.0951674238313]",2,2,0.8801895,0.5,1.836,0,2.579,C,B,FALSE
222,SATACT,Which choice completes the text so that it conforms to the conventions of Standard English?,suggested,suggests,had suggested,was suggesting,0.36,"[-24.797539710998535, -22.560784816741943, -17.40617322921753, -17.208077430725098]",3,2,0.8947086,0,0.657,1,0.759,D,A,FALSE
223,SATACT,Which quotation from a translation of “The Poet Walt Whitman” most effectively illustrates the claim?,"“Poetry, which brings together or separates, which fortifies or brings anguish, which shores up or demolishes souls, which gives or robs men of faith and vigor, is more necessary to a people than industry itself, for industry provides them with a means of subsistence, while literature gives them the desire and strength for life.”","“Every society brings to literature its own form of expression, and the history of the nations can be told with greater truth by the stages of literature than by chronicles and decades.”","“Where will a race of men go when they have lost the habit of thinking with faith about the scope and meaning of their actions? The best among them, those who consecrate Nature with their sacred desire for the future, will lose, in a sordid and painful annihilation, all stimulus to alleviate the ugliness of humanity.”","“Listen to the song of this hardworking and satisfied nation; listen to Walt Whitman. The exercise of himself exalts him to majesty, tolerance exalts him to justice, and order to joy.”",0.36,"[-248.96024761209264, -141.98290970921516, -261.36714835837483, -188.93715474987403]",1,2,0.85357803,1,9.605,0,11.938,B,C,FALSE
224,SATACT,Which choice completes the text with the most logical transition? ,Instead,"For example, ","Later, ","In other words,",0.36,"[-12.3191556930542, -21.010561525821686, -17.608694434165955, -16.89275172352791]",0,2,1,0,0.619,0,0.869,A,D,FALSE
225,SATACT,Which choice completes the text with the most logical transition?,"Instead,","Still,","Specifically,","Second,",0.24,"[-14.014262914657593, -13.41891324520111, -14.302410334348679, -9.698242627084255]",3,0,0.9991907,0,0.37,1,0.46,D,A,FALSE
226,SATACT,Which choice completes the text with the most logical transition?,"Additionally,","For example,","Nevertheless,","Today,",0.24,"[-13.312412396073341, -17.41780126094818, -13.487981796264648, -13.766896486282349]",0,0,0.9999999,0,0.339,0,0.411,A,D,FALSE
227,SATACT,The student wants to emphasize the role a misconception played in the naming of a place. Which choice most effectively uses relevant information from the notes to accomplish this goal?,The novel Las sergas de Esplandián featured a fictional island known as California.,"To the south of the US state of California lies Baja California (“Lower California”), originally called California after a fictional place.","In the sixteenth century, Spanish explorers learned of a peninsula off the west coast of Mexico and called it California.","Thinking it was an island, Spanish explorers called a peninsula California after an island in a popular novel.",0.24,"[-49.69830505922437, -75.73559521185234, -48.07622415293008, -72.82347294688225]",2,1,0.83829224,1,2.55,0,2.766,C,B,FALSE
228,SATACT,Which choice best describes the overall structure of the text?,"It details the shortcomings of certain historical sources, then argues that research should avoid those sources altogether.","It describes a problem that arises in research on a particular topic, then sketches a historian’s approach to addressing that problem.","It lists the advantages of a particular research method, then acknowledges a historian’s criticism of that method.","It characterizes a particular topic as especially challenging to research, then suggests a related topic for historians to pursue instead.",0.24,"[-78.09233298897743, -72.77328910212964, -76.11597395315766, -102.94975256919861]",1,3,0.89964473,1,2.394,1,3.018,B,C,FALSE
229,SATACT,"In the sentence ""The few times that I’ve helped a friend with yard work has given me the joy of touching the soil with an open palm, to get the earth under my fingernails, of patting down the berm around a newly transplanted sapling."", what is the best answer to replace the phrase ""to get""?",NO CHANGE,with getting,of getting,got,0.24,"[-20.087378442287445, -22.9200496673584, -17.807435989379883, -16.098264694213867]",3,1,0.85252386,0.5,0.512,0,0.682,D,A,FALSE
230,SATACT,Which choice completes the text so that it conforms to the conventions of Standard English?,they’re,their,its,it’s,0.24,"[-24.566893935203552, -15.140223503112793, -12.4516019821167, -15.50348336994648]",2,1,0.87405586,0,0.914,0,1.212,C,B,FALSE
231,SATACT,Which choice completes the text so that it conforms to the conventions of Standard English? ,published ,publishing,having published ,to publish,0.24,"[-18.262251377105713, -27.19639778137207, -24.426372289657593, -17.163655281066895]",3,3,0.87229204,0.25,0.837,0,1.003,D,A,FALSE
232,SATACT,"Which finding, if true, would most directly undermine Foster’s hypothesis?","At some sites in the study, eelgrass meadows are found near otter populations that are small and have only recently been reintroduced.","At several sites not included in the study, there are large, well-established sea otter populations but no eelgrass meadows.","At several sites not included in the study, eelgrass meadows’ health correlates negatively with the length of residence and size of otter populations.","At some sites in the study, the health of plants unrelated to eelgrass correlates negatively with the length of residence and size of otter populations.",0.24,"[-85.78497383277863, -85.08507130667567, -84.51948601566255, -98.43595899268985]",2,3,0.9190433,1,1.156,1,1.392,C,B,FALSE
233,SATACT,Which choice completes the text so that it conforms to the conventions of Standard English?,"value, but",value,"value,",value but,0.24,"[-18.761292934417725, -13.27390193939209, -15.750134229660034, -20.013410568237305]",1,3,0.8521777,0,0.526,0,0.674,B,C,FALSE
234,SATACT,Which choice completes the text so that it conforms to the conventions of Standard English?,"apiary,","apiary, and",apiary and,apiary,0.24,"[-15.351767420768738, -17.741646647453308, -16.619078159332275, -13.37001085281372]",3,0,0.9418394,0.5,0.325,0,0.437,D,A,FALSE
235,SATACT,Which choice best states the main purpose of the text?,To offer Tom's assurance that the play will be inoffensive and involve only a small number of people,To clarify that the play will not be performed in the manner Tom had originally intended,To elaborate on the idea that the people aroundTom lack the skills to successfully stage a play,To assert that Tom believes the group performing the play will be able to successfully promote it,0.24,"[-59.82885294687003, -61.30552303791046, -84.04298096895218, -73.22723950259387]",0,3,0.99999994,1,1.965,1,2.421,A,D,FALSE
236,SATACT,Which choice completes the text so that it conforms to the conventions of Standard English?,they,one,you,it,0.24,"[-13.32757568359375, -12.032712936401367, -13.35753059387207, -10.503541946411133]",3,3,0.9985035,0.25,0.234,0,0.285,D,A,FALSE
237,SATACT,The student wants to provide an overview of the matsutake commodity chain. Which choice most effectively uses relevant information from the notes to accomplish this goal?,"The contemporary matsutake commodity chain has its origins in the 1980s when, according to Tsing, “the scarcity of matsutake in Japan first became clear.”","Commodity chains include the linked production and purchase of commodities, such as the matsutake mushroom, on the world market.","Decades after the Japanese import of matsutake began, a commodity chain now links matsutake pickers in Oregon with wealthy consumers of the costly mushrooms in Japan.",Wealthy consumers who buy the costly mushrooms in Japan are at one end of the matsutake commodity chain.,0.24,"[-63.87666412699036, -65.3023361377418, -78.54469577502459, -68.36505004344508]",0,1,1,1,1.146,1,1.467,A,D,FALSE
238,SATACT,"In the sentence ""At the very low tides of the full moon, when almost all the water was sucked away, we found the hideaways where crabs, snails, starfish, and sea urchins hid in order not to be seen."", what is the best answer to replace the phrase ""hideaways where crabs, snails, starfish, and sea urchins hid in order not to be seen.""?",NO CHANGE,"hideouts where crabs, snails, starfish, and sea urchins concealed and hid themselves.","places where crabs, snails, starfish, and sea urchins were stashed away.","hiding places of crabs, snails, starfish, and sea urchins.",0.24,"[-18.307645559310913, -47.75727603244013, -48.73280394686299, -44.163333548087394]",0,2,1,1,2.498,0,3.043,A,D,FALSE
239,SATACT,Which choice completes the text with the most logical and precise word or phrase?,indicated by,handmade from,represented by,collected with,0.24,"[-33.04150176048279, -31.287593841552734, -17.3892023563385, -35.368168354034424]",2,3,0.99627924,0.25,1.402,0,1.798,C,B,FALSE
240,SATACT,Which choice completes the text with the most logical and precise word or phrase?,weaken,praise,popularize,isolate,0.24,"[-26.929088592529297, -26.402599334716797, -15.188906908035278, -26.26781177520752]",2,3,0.8668956,0,0.984,0,1.174,C,B,FALSE
241,SATACT,"In the sentence ""Each player holds a set of pipes so that both sets are connected to the other set by a string, as if to suggest that those two antaras should be played together."", what is the best answer to replace the phrase ""so that both sets are""?",NO CHANGE,in such a way that both sets are,with both sets being,OMIT the underlined portion.,0.24,"[-20.37287935614586, -25.40256044268608, -21.974169373512268, -37.46561408042908]",0,3,1,0.75,1.339,0,1.709,A,D,FALSE
242,SATACT,The student wants to contrast the emissivity of reflective metal fibers with that of silicon carbide fibers. Which choice most effectively uses relevant information from the notes to accomplish this goal?,The ability of reflective metal fibers and silicon carbide fibers to emit heat was determined by an analysis of each material’s emissivity.,"The amount of heat a material absorbs is equal to the amount it emits, as evidenced in Abebe’s analyses.","Though the reflective metal fibers and silicon carbide fibers had different rates of emissivity, Abebe planned to use both in a garment.","Whereas the reflective metal fibers had an emissivity of just 0.02, the silicon carbide fibers absorbed large amounts of heat, resulting in an emissivity of 0.74.",0.24,"[-65.36938192695379, -59.12870270572603, -74.66687022149563, -51.41509101097472]",3,1,0.90654755,1,1.704,1,2.325,D,A,FALSE
243,SATACT,Which choice completes the text with the most logical transition?,"for example,","by contrast,","nevertheless,","therefore,",0.24,"[-17.13633242249489, -19.143883228302002, -33.627068281173706, -28.094390034675598]",0,2,1,0,1.338,0,1.649,A,D,FALSE
244,SATACT,"Which choice best describes the function of the portion, ""who, however brave-hearted, and even much of a dare-devil upon a pinch, seems nevertheless to have evinced, throughout many parts of his career, a singular patience and mildness"" in the text as a whole?",It implies that Israel treasures a particular characteristic of his personality when that characteristic should usually be regarded as a flaw.,"It suggests that if not for a certain aspect of his character, Israel might not have been as easily thwarted in his ambition to establish a farm.",It shows why Israel would not have been able to undertake the enormous amount of labor necessary to run a farm even if he had owned the necessary property.,"It explains why, when the situation requires it, Israel is able to undertake courageous acts that others would generally avoid.",0.24,"[-87.06371188163757, -83.86888548731804, -108.7649941816926, -89.3554352298379]",1,2,0.87493205,1,1.945,1,2.49,B,C,FALSE
245,SATACT,Which choice best states the main purpose of the text?,To examine how Derksen’s musical compositions blend cultures,To argue that Derksen should be recognized for creating a new style of music,To describe the difficulties Derksen encountered when producing her album,To establish a contrast between Derksen’s classical training and her Cree heritage,0.24,"[-55.032418163493276, -56.33686436386779, -50.64221376599744, -67.61030022334307]",2,0,0.9068383,0.75,1.252,0,1.697,C,B,FALSE
246,SATACT,Which choice completes the text so that it conforms to the conventions of Standard English?,of,"of,",of—,of:,0.24,"[-11.150276184082031, -18.24221134185791, -19.60235595703125, -17.68502950668335]",0,2,1,0.25,0.652,0,0.845,A,D,FALSE
247,SATACT,Which choice completes the text so that it conforms to the conventions of Standard English?,One,That,This,These,0.24,"[-10.617403030395508, -10.759298324584961, -9.164669036865234, -10.493185043334961]",2,0,0.99981916,0.25,0.128,0,0.159,C,B,FALSE
248,SATACT,Which choice completes the text so that it conforms to the conventions of Standard English?,poems putatively written by the novel’s,poem’s putatively written by the novel’s,poem’s putatively written by the novels’,poems putatively written by the novels’,0.24,"[-52.14256944227964, -61.942178988363594, -66.39950070343912, -55.72166009945795]",0,1,1,1,1.101,0,1.426,A,D,FALSE
249,SATACT,Which choice completes the text so that it conforms to the conventions of Standard English?,"California,",California:,California—,California,0.24,"[-15.55441427230835, -15.988460063934326, -18.338647842407227, -12.747289657592773]",3,0,0.9730513,0,0.397,0,0.559,D,A,FALSE
250,SATACT,The student wants to emphasize a difference between the two books. Which choice most effectively uses relevant information from the notes to accomplish this goal?,"Although both are powerful works of literature that contributed to new legislation, Equiano’s book is an autobiography, while Sinclair’s is fictional.","They may have written about different topics, but Equiano and Sinclair both influenced readers.","The 1807 Slave Trade Act resulted in part from a book by Equiano, while the 1906 Pure Food and Drug Act resulted in part from a book by Sinclair.","The Interesting Narrative of the Life of Olaudah Equiano and The Jungle are two works of literature that contributed to new legislation (concerning the slave trade and food safety, respectively).",0.357,"[-51.452817987068556, -75.75305272475816, -59.21747127670096, -79.53371849129326]",0,0,1,0.75,2.313,1,2.808,A,D,FALSE
251,SATACT,Which choice completes the text with the most logical and precise word or phrase?,verifying,multiplying,comforting,ensuring,0.357,"[-24.974488258361816, -45.483259201049805, -28.372471809387207, -26.83031177520752]",0,2,1.0000001,0,1.642,0,2.051,A,D,FALSE
252,SATACT,Which choice completes the text with the most logical transition?,"For instance,","By contrast,","Specifically,","In conclusion,",0.357,"[-18.418742567300797, -17.607116654515266, -14.07599750161171, -17.00366985797882]",2,3,0.90136796,0,0.328,0,0.434,C,B,FALSE
253,SATACT,Which choice best describes the overall structure of the text?,It presents alternating descriptions of night in a rural area and in a city.,"It sketches an image of nightfall, then an image of sunrise.",It makes an extended comparison of night to a human being.,It portrays how night changes from one season of the year to the next.,0.357,"[-60.293844267725945, -54.27403002604842, -53.33937567472458, -56.40692777559161]",2,1,0.88996303,1,0.535,1,0.695,C,B,FALSE
254,SATACT,Which choice completes the text with the most logical and precise word or phrase?,attached,collected,followed,replaced,0.357,"[-31.054454803466797, -30.441570281982422, -24.33253765106201, -29.248750686645508]",2,2,0.99938405,0,0.529,0,0.672,C,B,FALSE
255,SATACT,Which choice completes the text with the most logical and precise word or phrase?,surmised,contrived,questioned,regretted,0.357,"[-17.109352707862854, -18.742580890655518, -30.688998222351074, -42.301645278930664]",0,3,1,0,2.034,1,2.519,A,D,FALSE
256,SATACT,"Which finding, if true, would most directly support Barboza and Trejos's claim?",Many marketplaces require entrepreneurs to pay marketplace operators a fixed percentage of each day's proceeds in exchange for permission to sell goods there.,"Rural entrepreneurs can typically sell their goods for higher prices in cities than in their home areas, but the number of people selling competing goods tends to be higher in cities.","Due to the lower costs they incur, rural entrepreneurs tend to require smaller initial loans than urban entrepreneurs do.",The cost to rural entrepreneurs to bring their goods to towns with marketplaces is high but largely independent of the number of goods they bring.,0.357,"[-107.30034137843177, -134.09074459597468, -77.29304184764624, -114.5415727198124]",2,3,0.8543395,0.5,4.082,0,5.68,C,B,FALSE
257,SATACT,Which choice completes the text with the most logical and precise word or phrase?,dispute,withdraw,underscore,invalidate,0.357,"[-40.45441722869873, -26.160643577575684, -31.164894104003906, -24.258286215364933]",3,3,0.88763195,0,1.254,1,1.62,D,A,FALSE
258,SATACT,Which choice best describes the overall structure of the text?,The speaker argues against interfering with nature and then gives evidence supporting this interference.,The speaker presents an account of efforts to dominate nature and then cautions that such efforts are only temporary.,The speaker provides examples of an admirable way of approaching nature and then challenges that approach.,The speaker describes attempts to control nature and then offers a reminder that not all nature is controllable.,0.357,"[-76.43501798808575, -84.79457576572895, -84.96216928958893, -79.01835392881185]",0,1,1.0000001,1,0.738,0,0.853,A,D,FALSE
259,SATACT,"Which finding, if true, would most directly support the student's claim?","Chambi took many commissioned portraits of wealthy Peruvians, but he also produced hundreds of images carefully documenting the peoples, sites, and customs of Indigenous communities of the Andes.","Chambi's photographs demonstrate a high level of technical skill, as seen in his strategic use of illumination to create dramatic light and shadow contrasts.","During his lifetime, Chambi was known and celebrated both within and outside his native Peru, as his work was published in places like Argentina, Spain, and Mexico.",Some of the peoples and places Chambi photographed had long been popular subjects for Peruvian photographers.,0.357,"[-98.77216327004135, -95.33444969216362, -93.58622886380181, -85.1879542444367]",3,0,0.8786899,1,1,0,1.358,D,A,FALSE
260,SATACT,"In the sentence ""Accordingly, St. Peter’s Basilica, the largest cathedral in the Northern Hemisphere, is remarkable."", what is the best answer to replace the phrase ""Accordingly""?",NO CHANGE,"Indeed,","For instance,",OMIT the underlined portion,0.357,"[-19.63385933637619, -11.674549371004105, -18.941842675209045, -33.18324160575867]",1,0,0.82711214,0.5,1.554,0,2.151,B,C,FALSE
261,SATACT,Which choice completes the text so that it conforms to the conventions of Standard English?,Moon’s,Moons,Moons’,Moon,0.357,"[-23.040963754057884, -26.705371856689453, -36.96170377731323, -13.569639205932617]",3,3,0.9065879,0,1.675,0,2.339,D,A,FALSE
262,SATACT,Which choice completes the text with the most logical and precise word or phrase?,delegate,compose,interpret,renounce,0.357,"[-28.509909629821777, -27.8126859664917, -13.41219711303711, -17.601871013641357]",2,0,0.99960023,0,1.301,0,1.51,C,B,FALSE
263,SATACT,Which choice completes the text with the most logical transition?,"For instance,","By contrast,","Specifically,","In conclusion,",0.357,"[-18.45176574587822, -17.64904372394085, -14.051794052124023, -17.01062512397766]",2,3,0.90136796,0,0.332,0,0.44,C,B,FALSE
